2,1,North Carolina,South Carolina,09/03/15,06:00:00 PM,,No,,,,,,
3,1,Florida Intl,UCF,09/03/15,06:00:00 PM,,No,,,,,,
4,1,Oklahoma State,Central Michigan,09/03/15,07:00:00 PM,,No,,,,,,
5,1,Elon,Wake Forest,09/03/15,07:00:00 PM,,No,,,,,,
6,1,VMI,Ball State,09/03/15,07:00:00 PM,,No,,,,,,
7,1,Stony Brook,Toledo,09/03/15,07:00:00 PM,,No,,,,,,
8,1,Alcorn State,Georgia Tech,09/03/15,07:30:00 PM,,No,,,,,,
9,1,Villanova,Connecticut,09/03/15,07:30:00 PM,,No,,,,,,
10,1,Western Kentucky,Vanderbilt,09/03/15,08:00:00 PM,,No,,,,,,
11,1,Michigan,Utah,09/03/15,08:30:00 PM,,No,,,,,,
12,1,TCU,Minnesota,09/03/15,09:00:00 PM,,No,,,,,,
13,1,Ohio,Idaho,09/03/15,09:00:00 PM,,No,,,,,,
14,1,Southern Utah,Utah State,09/03/15,09:00:00 PM,,No,,,,,,
15,1,Duke,Tulane,09/03/15,09:30:00 PM,,No,,,,,,
16,1,Texas San Antonio,Arizona,09/03/15,10:00:00 PM,,No,,,,,,
17,1,UC Davis,Nevada,09/03/15,10:00:00 PM,,No,,,,,,
18,1,New Hampshire,San José State,09/03/15,10:00:00 PM,,No,,,,,,
19,1,Abilene Christian,Fresno State,09/03/15,10:00:00 PM,,No,,,,,,
20,1,Colorado,Hawaii,09/03/15,01:00:00 AM,,No,,,,,,
22,1,Charlotte,Georgia State,09/04/15,03:30:00 PM,,No,,,,,,
23,1,Michigan State,Western Michigan,09/04/15,07:00:00 PM,,No,,,,,,
24,1,Fordham,Army,09/04/15,07:00:00 PM,,No,,,,,,
25,1,Baylor,SMU,09/04/15,07:00:00 PM,,No,,,,,,
26,1,Rhode Island,Syracuse,09/04/15,07:00:00 PM,,No,,,,,,
27,1,Weber State,Oregon State,09/04/15,08:00:00 PM,,No,,,,,,
28,1,Kent State,Illinois,09/04/15,09:00:00 PM,,No,,,,,,
29,1,Washington,Boise State,09/04/15,10:15:00 PM,,No,,,,,,
31,1,Louisiana Monroe,Georgia,09/05/15,12:00:00 PM,,No,,,,,,
32,1,Tennessee-Martin,Ole Miss,09/05/15,12:00:00 PM,,No,,,,,,
33,1,Stanford,Northwestern,09/05/15,12:00:00 PM,,No,,,,,,
34,1,Colgate,Navy,09/05/15,12:00:00 PM,,No,,,,,,
35,1,Norfolk State,Rutgers,09/05/15,12:00:00 PM,,No,,,,,,
36,1,South Dakota State,Kansas,09/05/15,12:00:00 PM,,No,,,,,,
37,1,Illinois State,Iowa,09/05/15,12:00:00 PM,,No,,,,,,
38,1,Richmond,Maryland,09/05/15,12:00:00 PM,,No,,,,,,
39,1,Wofford,Clemson,09/05/15,12:30:00 PM,,No,,,,,,
40,1,Youngstown State,Pittsburgh,09/05/15,01:00:00 PM,,No,,,,,,
41,1,Maine,Boston College,09/05/15,01:00:00 PM,,No,,,,,,
42,1,Portland State,Washington State,09/05/15,02:00:00 PM,,No,,,,,,
43,1,UTEP,Arkansas,09/05/15,03:30:00 PM,,No,,,,,,
44,1,Louisville,Auburn,09/05/15,03:30:00 PM,,No,,,,,,
45,1,Virginia,UCLA,09/05/15,03:30:00 PM,,No,,,,,,
46,1,BYU,Nebraska,09/05/15,03:30:00 PM,,No,,,,,,
47,1,Old Dominion,Eastern Michigan,09/05/15,03:30:00 PM,,No,,,,,,
48,1,Sam Houston State,Texas Tech,09/05/15,03:30:00 PM,,No,,,,,,
49,1,Penn State,Temple,09/05/15,03:30:00 PM,,No,,,,,,
50,1,Wagner,Rice,09/05/15,03:30:00 PM,,No,,,,,,
51,1,Florida Atlantic,Tulsa,09/05/15,03:30:00 PM,,No,,,,,,
52,1,Morgan State,Air Force,09/05/15,03:30:00 PM,,No,,,,,,
53,1,Albany,Buffalo,09/05/15,03:30:00 PM,,No,,,,,,
54,1,Presbyterian College,Miami (OH),09/05/15,03:30:00 PM,,No,,,,,,
55,1,Howard,Appalachian State,09/05/15,03:30:00 PM,,No,,,,,,
56,1,Savannah State,Colorado State,09/05/15,04:00:00 PM,,No,,,,,,
57,1,North Dakota,Wyoming,09/05/15,04:00:00 PM,,No,,,,,,
58,1,Southern Illinois,Indiana,09/05/15,04:00:00 PM,,No,,,,,,
59,1,Bowling Green,Tennessee,09/05/15,04:00:00 PM,,No,,,,,,
60,1,Southeast Missouri State,Missouri,09/05/15,04:00:00 PM,,No,,,,,,
61,1,Grambling State,California,09/05/15,05:00:00 PM,,No,,,,,,
62,1,Bethune-Cookman,Miami (FL),09/05/15,06:00:00 PM,,No,,,,,,
63,1,Troy,NC State,09/05/15,06:00:00 PM,,No,,,,,,
64,1,Towson,East Carolina,09/05/15,06:00:00 PM,,No,,,,,,
65,1,Gardner-Webb,South Alabama,09/05/15,06:00:00 PM,,No,,,,,,
66,1,Mississippi Valley State,New Mexico,09/05/15,07:00:00 PM,,No,,,,,,
67,1,Akron,Oklahoma,09/05/15,07:00:00 PM,,No,,,,,,
68,1,Missouri State,Memphis,09/05/15,07:00:00 PM,,No,,,,,,
69,1,Florida A&M;,South Florida,09/05/15,07:00:00 PM,,No,,,,,,
70,1,Alabama A&M;,Cincinnati,09/05/15,07:00:00 PM,,No,,,,,,
71,1,Southern,Louisiana Tech,09/05/15,07:00:00 PM,,No,,,,,,
72,1,Jackson State,Middle Tennessee,09/05/15,07:00:00 PM,,No,,,,,,
73,1,Arizona State,Texas A&M;,09/05/15,07:00:00 PM,,No,,,,,,
74,1,Louisiana Lafayette,Kentucky,09/05/15,07:00:00 PM,,No,,,,,,
75,1,South Dakota,Kansas State,09/05/15,07:10:00 PM,,No,,,,,,
76,1,Texas,Notre Dame,09/05/15,07:30:00 PM,,No,,,,,,
77,1,Georgia Southern,West Virginia,09/05/15,07:30:00 PM,,No,,,,,,
78,1,McNeese State,LSU,09/05/15,07:30:00 PM,,No,,,,,,
79,1,New Mexico State,Florida,09/05/15,07:30:00 PM,,No,,,,,,
80,1,UNLV,Northern Illinois,09/05/15,07:30:00 PM,,No,,,,,,
81,1,San Diego,San Diego State,09/05/15,08:00:00 PM,,No,,,,,,
82,1,Wisconsin,Alabama,09/05/15,08:00:00 PM,,No,,,,,,
83,1,Texas State,Florida State,09/05/15,08:00:00 PM,,No,,,,,,
84,1,Eastern Washington,Oregon,09/05/15,08:00:00 PM,,No,,,,,,
85,1,Northern Iowa,Iowa State,09/05/15,08:00:00 PM,,No,,,,,,
86,1,Tennessee Tech,Houston,09/05/15,08:00:00 PM,,No,,,,,,
87,1,Mississippi State,Southern Mississippi,09/05/15,10:00:00 PM,,No,,,,,,
88,1,Arkansas State,USC,09/05/15,11:00:00 PM,,No,,,,,,
90,1,Purdue,Marshall,09/06/15,03:00:00 PM,,No,,,,,,
92,1,Ohio State,Virginia Tech,09/07/15,08:00:00 PM,,No,,,,,,
94,2,Louisiana Tech,Western Kentucky,09/10/15,08:00:00 PM,,No,,,,,,
96,2,Miami (FL),Florida Atlantic,09/11/15,08:00:00 PM,,No,,,,,,
97,2,Utah State,Utah,09/11/15,09:00:00 PM,,No,,,,,,
99,2,South Florida,Florida State,09/12/15,11:30:00 AM,,No,,,,,,
100,2,Jacksonville State,Auburn,09/12/15,12:00:00 PM,,No,,,,,,
101,2,Oregon State,Michigan,09/12/15,12:00:00 PM,,No,,,,,,
102,2,Army,Connecticut,09/12/15,12:00:00 PM,,No,,,,,,
103,2,Kansas State,Texas San Antonio,09/12/15,12:00:00 PM,,No,,,,,,
104,2,Western Illinois,Illinois,09/12/15,12:00:00 PM,,No,,,,,,
105,2,Bowling Green,Maryland,09/12/15,12:00:00 PM,,No,,,,,,
106,2,Houston,Louisville,09/12/15,12:00:00 PM,,No,,,,,,
107,2,Buffalo,Penn State,09/12/15,12:00:00 PM,,No,,,,,,
108,2,Indiana State,Purdue,09/12/15,12:00:00 PM,,No,,,,,,
109,2,Miami (OH),Wisconsin,09/12/15,12:00:00 PM,,No,,,,,,
110,2,Presbyterian College,Charlotte,09/12/15,12:00:00 PM,,No,,,,,,
111,2,Wake Forest,Syracuse,09/12/15,12:30:00 PM,,No,,,,,,
112,2,Appalachian State,Clemson,09/12/15,12:30:00 PM,,No,,,,,,
113,2,Howard,Boston College,09/12/15,01:00:00 PM,,No,,,,,,
114,2,Massachusetts,Colorado,09/12/15,02:00:00 PM,,No,,,,,,
115,2,Sacramento State,Washington,09/12/15,02:00:00 PM,,No,,,,,,
116,2,UTEP,Texas Tech,09/12/15,03:00:00 PM,,No,,,,,,
117,2,Liberty,West Virginia,09/12/15,03:00:00 PM,,No,,,,,,
118,2,Monmouth,Central Michigan,09/12/15,03:00:00 PM,,No,,,,,,
119,2,Murray State,Northern Illinois,09/12/15,03:30:00 PM,,No,,,,,,
120,2,Hawaii,Ohio State,09/12/15,03:30:00 PM,,No,,,,,,
121,2,Austin Peay,Southern Mississippi,09/12/15,03:30:00 PM,,No,,,,,,
122,2,Minnesota,Colorado State,09/12/15,03:30:00 PM,,No,,,,,,
123,2,Stephen F Austin,TCU,09/12/15,03:30:00 PM,,No,,,,,,
124,2,Washington State,Rutgers,09/12/15,03:30:00 PM,,No,,,,,,
125,2,Tulane,Georgia Tech,09/12/15,03:30:00 PM,,No,,,,,,
126,2,Notre Dame,Virginia,09/12/15,03:30:00 PM,,No,,,,,,
127,2,Furman,Virginia Tech,09/12/15,03:30:00 PM,,No,,,,,,
128,2,Georgia,Vanderbilt,09/12/15,03:30:00 PM,,No,,,,,,
129,2,Fresno State,Ole Miss,09/12/15,03:30:00 PM,,No,,,,,,
130,2,Middle Tennessee,Alabama,09/12/15,04:00:00 PM,,No,,,,,,
131,2,Toledo,Arkansas,09/12/15,04:00:00 PM,,No,,,,,,
132,2,Eastern Illinois,Northwestern,09/12/15,04:00:00 PM,,No,,,,,,
133,2,Eastern Michigan,Wyoming,09/12/15,04:00:00 PM,,No,,,,,,
134,2,Iowa,Iowa State,09/12/15,04:30:00 PM,,No,,,,,,
135,2,San Diego State,California,09/12/15,05:00:00 PM,,No,,,,,,
136,2,Oklahoma,Tennessee,09/12/15,06:00:00 PM,,No,,,,,,
137,2,North Carolina Central,Duke,09/12/15,06:00:00 PM,,No,,,,,,
138,2,North Carolina A&T;,North Carolina,09/12/15,06:00:00 PM,,No,,,,,,
139,2,Eastern Kentucky,NC State,09/12/15,06:00:00 PM,,No,,,,,,
140,2,Pittsburgh,Akron,09/12/15,06:00:00 PM,,No,,,,,,
141,2,Delaware State,Kent State,09/12/15,06:00:00 PM,,No,,,,,,
142,2,Western Michigan,Georgia Southern,09/12/15,06:00:00 PM,,No,,,,,,
143,2,Northwestern State,Louisiana Lafayette,09/12/15,07:00:00 PM,,No,,,,,,
144,2,Nicholls State,Louisiana Monroe,09/12/15,07:00:00 PM,,No,,,,,,
145,2,Prairie View A&M;,Texas State,09/12/15,07:00:00 PM,,No,,,,,,
146,2,Charleston Southern,Troy,09/12/15,07:00:00 PM,,No,,,,,,
147,2,Marshall,Ohio,09/12/15,07:00:00 PM,,No,,,,,,
148,2,Norfolk State,Old Dominion,09/12/15,07:00:00 PM,,No,,,,,,
149,2,North Texas,SMU,09/12/15,07:00:00 PM,,No,,,,,,
150,2,Arizona,Nevada,09/12/15,07:00:00 PM,,No,,,,,,
151,2,Ball State,Texas A&M;,09/12/15,07:00:00 PM,,No,,,,,,
152,2,Missouri,Arkansas State,09/12/15,07:00:00 PM,,No,,,,,,
153,2,East Carolina,Florida,09/12/15,07:00:00 PM,,No,,,,,,
154,2,Memphis,Kansas,09/12/15,07:00:00 PM,,No,,,,,,
155,2,Central Arkansas,Oklahoma State,09/12/15,07:30:00 PM,,No,,,,,,
156,2,Lamar,Baylor,09/12/15,07:30:00 PM,,No,,,,,,
157,2,Kentucky,South Carolina,09/12/15,07:30:00 PM,,No,,,,,,
158,2,Idaho,USC,09/12/15,08:00:00 PM,,No,,,,,,
159,2,Oregon,Michigan State,09/12/15,08:00:00 PM,,No,,,,,,
160,2,South Alabama,Nebraska,09/12/15,08:00:00 PM,,No,,,,,,
161,2,Rice,Texas,09/12/15,08:00:00 PM,,No,,,,,,
162,2,Florida Intl,Indiana,09/12/15,08:00:00 PM,,No,,,,,,
163,2,Georgia State,New Mexico State,09/12/15,08:00:00 PM,,No,,,,,,
164,2,Temple,Cincinnati,09/12/15,08:00:00 PM,,No,,,,,,
165,2,Tulsa,New Mexico,09/12/15,08:00:00 PM,,No,,,,,,
166,2,LSU,Mississippi State,09/12/15,09:15:00 PM,,No,,,,,,
167,2,San José State,Air Force,09/12/15,10:15:00 PM,,No,,,,,,
168,2,Boise State,BYU,09/12/15,10:15:00 PM,,No,,,,,,
169,2,UCLA,UNLV,09/12/15,10:30:00 PM,,No,,,,,,
170,2,UCF,Stanford,09/12/15,10:30:00 PM,,No,,,,,,
171,2,Cal Poly,Arizona State,09/12/15,11:00:00 PM,,No,,,,,,
173,3,Clemson,Louisville,09/17/15,07:30:00 PM,,No,,,,,,
175,3,Florida State,Boston College,09/18/15,08:00:00 PM,,No,,,,,,
176,3,Idaho State,Boise State,09/18/15,09:00:00 PM,,No,,,,,,
177,3,New Mexico,Arizona State,09/18/15,10:00:00 PM,,No,,,,,,
179,3,Savannah State,Akron,09/19/15,12:00:00 PM,,No,,,,,,
180,3,South Florida,Maryland,09/19/15,12:00:00 PM,,No,,,,,,
181,3,UNLV,Michigan,09/19/15,12:00:00 PM,,No,,,,,,
182,3,Air Force,Michigan State,09/19/15,12:00:00 PM,,No,,,,,,
183,3,Kent State,Minnesota,09/19/15,12:00:00 PM,,No,,,,,,
184,3,Buffalo,Florida Atlantic,09/19/15,12:00:00 PM,,No,,,,,,
185,3,Nevada,Texas A&M;,09/19/15,12:00:00 PM,,No,,,,,,
186,3,Illinois,North Carolina,09/19/15,12:00:00 PM,,No,,,,,,
187,3,Connecticut,Missouri,09/19/15,12:00:00 PM,,No,,,,,,
188,3,Wake Forest,Army,09/19/15,12:00:00 PM,,No,,,,,,
189,3,Tulsa,Oklahoma,09/19/15,12:00:00 PM,,No,,,,,,
190,3,Central Michigan,Syracuse,09/19/15,12:30:00 PM,,No,,,,,,
191,3,Northwestern,Duke,09/19/15,12:30:00 PM,,No,,,,,,
192,3,Georgia State,Oregon,09/19/15,02:00:00 PM,,No,,,,,,
193,3,Southeastern Louisiana,Ohio,09/19/15,02:00:00 PM,,No,,,,,,
194,3,Rice,North Texas,09/19/15,02:30:00 PM,,No,,,,,,
195,3,Temple,Massachusetts,09/19/15,03:00:00 PM,,No,,,,,,
196,3,Ball State,Eastern Michigan,09/19/15,03:00:00 PM,,No,,,,,,
197,3,Memphis,Bowling Green,09/19/15,03:00:00 PM,,No,,,,,,
198,3,Louisiana Tech,Kansas State,09/19/15,03:00:00 PM,,No,,,,,,
199,3,Troy,Wisconsin,09/19/15,03:30:00 PM,,No,,,,,,
200,3,Northern Illinois,Ohio State,09/19/15,03:30:00 PM,,No,,,,,,
201,3,Cincinnati,Miami (OH),09/19/15,03:30:00 PM,,No,,,,,,
202,3,East Carolina,Navy,09/19/15,03:30:00 PM,,No,,,,,,
203,3,Norfolk State,Marshall,09/19/15,03:30:00 PM,,No,,,,,,
204,3,Texas San Antonio,Oklahoma State,09/19/15,03:30:00 PM,,No,,,,,,
205,3,William & Mary,Virginia,09/19/15,03:30:00 PM,,No,,,,,,
206,3,Virginia Tech,Purdue,09/19/15,03:30:00 PM,,No,,,,,,
207,3,Georgia Tech,Notre Dame,09/19/15,03:30:00 PM,,No,,,,,,
208,3,Nebraska,Miami (FL),09/19/15,03:30:00 PM,,No,,,,,,
209,3,Auburn,LSU,09/19/15,03:30:00 PM,,No,,,,,,
210,3,Northwestern State,Mississippi State,09/19/15,04:00:00 PM,,No,,,,,,
211,3,Austin Peay,Vanderbilt,09/19/15,04:00:00 PM,,No,,,,,,
212,3,Western Kentucky,Indiana,09/19/15,04:00:00 PM,,No,,,,,,
213,3,Wofford,Idaho,09/19/15,05:00:00 PM,,No,,,,,,
214,3,Utah State,Washington,09/19/15,05:00:00 PM,,No,,,,,,
215,3,South Carolina,Georgia,09/19/15,06:00:00 PM,,No,,,,,,
216,3,The Citadel,Georgia Southern,09/19/15,06:00:00 PM,,No,,,,,,
217,3,Furman,UCF,09/19/15,06:00:00 PM,,No,,,,,,
218,3,North Carolina Central,Florida Intl,09/19/15,06:00:00 PM,,No,,,,,,
219,3,Charlotte,Middle Tennessee,09/19/15,07:00:00 PM,,No,,,,,,
220,3,Southern Mississippi,Texas State,09/19/15,07:00:00 PM,,No,,,,,,
221,3,Murray State,Western Michigan,09/19/15,07:00:00 PM,,No,,,,,,
222,3,Missouri State,Arkansas State,09/19/15,07:00:00 PM,,No,,,,,,
223,3,Texas Tech,Arkansas,09/19/15,07:00:00 PM,,No,,,,,,
224,3,Western Carolina,Tennessee,09/19/15,07:00:00 PM,,No,,,,,,
225,3,NC State,Old Dominion,09/19/15,07:00:00 PM,,No,,,,,,
226,3,Colorado,Colorado State,09/19/15,07:00:00 PM,,No,,,,,,
227,3,Florida,Kentucky,09/19/15,07:30:00 PM,,No,,,,,,
228,3,California,Texas,09/19/15,07:30:00 PM,,No,,,,,,
229,3,Rutgers,Penn State,09/19/15,08:00:00 PM,,No,,,,,,
230,3,UTEP,New Mexico State,09/19/15,08:00:00 PM,,No,,,,,,
231,3,Maine,Tulane,09/19/15,08:00:00 PM,,No,,,,,,
232,3,South Alabama,San Diego State,09/19/15,08:00:00 PM,,No,,,,,,
233,3,Pittsburgh,Iowa,09/19/15,08:00:00 PM,,No,,,,,,
234,3,Stanford,USC,09/19/15,08:00:00 PM,,No,,,,,,
235,3,San José State,Oregon State,09/19/15,08:00:00 PM,,No,,,,,,
236,3,SMU,TCU,09/19/15,08:00:00 PM,,No,,,,,,
237,3,Iowa State,Toledo,09/19/15,08:00:00 PM,,No,,,,,,
238,3,Wyoming,Washington State,09/19/15,08:30:00 PM,,No,,,,,,
239,3,Ole Miss,Alabama,09/19/15,09:15:00 PM,,No,,,,,,
240,3,BYU,UCLA,09/19/15,10:30:00 PM,,No,,,,,,
241,3,Utah,Fresno State,09/19/15,10:30:00 PM,,No,,,,,,
242,3,Northern Arizona,Arizona,09/19/15,11:00:00 PM,,No,,,,,,
243,3,UC Davis,Hawaii,09/19/15,11:59:00 PM,,No,,,,,,
245,4,Cincinnati,Memphis,09/24/15,07:30:00 PM,,No,,,,,,
247,4,Boise State,Virginia,09/25/15,08:00:00 PM,,No,,,,,,
248,4,Stanford,Oregon State,09/25/15,10:00:00 PM,,No,,,,,,
250,4,UCLA,Arizona,09/26/15,,,No,,,,,,
251,4,USC,Arizona State,09/26/15,,,No,,,,,,
252,4,Nicholls State,Colorado,09/26/15,,,No,,,,,,
253,4,Utah,Oregon,09/26/15,,,No,,,,,,
254,4,California,Washington,09/26/15,,,No,,,,,,
255,4,Army,Eastern Michigan,09/26/15,,,No,,,,,,
256,4,Oklahoma State,Texas,09/26/15,,,No,,,,,,
257,4,TCU,Texas Tech,09/26/15,,,No,,,,,,
258,4,Maryland,West Virginia,09/26/15,,,No,,,,,,
259,4,Middle Tennessee,Illinois,09/26/15,,,No,,,,,,
260,4,North Texas,Iowa,09/26/15,,,No,,,,,,
261,4,BYU,Michigan,09/26/15,,,No,,,,,,
262,4,Central Michigan,Michigan State,09/26/15,,,No,,,,,,
263,4,Northern Illinois,Boston College,09/26/15,,,No,,,,,,
264,4,Georgia Tech,Duke,09/26/15,,,No,,,,,,
265,4,Samford,Louisville,09/26/15,,,No,,,,,,
266,4,Delaware,North Carolina,09/26/15,,,No,,,,,,
267,4,NC State,South Alabama,09/26/15,,,No,,,,,,
268,4,Virginia Tech,East Carolina,09/26/15,,,No,,,,,,
269,4,Indiana,Wake Forest,09/26/15,,,No,,,,,,
270,4,Louisiana Monroe,Alabama,09/26/15,,,No,,,,,,
271,4,Texas A&M;,Arkansas,09/26/15,,,No,,,,,,
272,4,Mississippi State,Auburn,09/26/15,,,No,,,,,,
273,4,Tennessee,Florida,09/26/15,,,No,,,,,,
274,4,Southern,Georgia,09/26/15,,,No,,,,,,
275,4,Missouri,Kentucky,09/26/15,,,No,,,,,,
276,4,Vanderbilt,Ole Miss,09/26/15,,,No,,,,,,
277,4,UCF,South Carolina,09/26/15,,,No,,,,,,
278,4,LSU,Syracuse,09/26/15,,,No,,,,,,
279,4,Navy,Connecticut,09/26/15,,,No,,,,,,
280,4,Texas State,Houston,09/26/15,,,No,,,,,,
281,4,Marshall,Kent State,09/26/15,,,No,,,,,,
282,4,Western Michigan,Ohio State,09/26/15,,,No,,,,,,
283,4,San Diego State,Penn State,09/26/15,,,No,,,,,,
284,4,Bowling Green,Purdue,09/26/15,,,No,,,,,,
285,4,Nevada,Buffalo,09/26/15,,,No,,,,,,
286,4,Akron,Louisiana Lafayette,09/26/15,,,No,,,,,,
287,4,Arkansas State,Toledo,09/26/15,,,No,,,,,,
288,4,Kansas,Rutgers,09/26/15,12:00:00 PM,,No,,,,,,
289,4,Southern Mississippi,Nebraska,09/26/15,12:00:00 PM,,No,,,,,,
290,4,Florida Intl,Louisiana Tech,09/26/15,02:30:00 PM,,No,,,,,,
291,4,New Mexico,Wyoming,09/26/15,03:00:00 PM,,No,,,,,,
292,4,Rice,Baylor,09/26/15,03:00:00 PM,,No,,,,,,
293,4,Ohio,Minnesota,09/26/15,03:30:00 PM,,No,,,,,,
294,4,Miami (OH),Western Kentucky,09/26/15,03:30:00 PM,,No,,,,,,
295,4,Appalachian State,Old Dominion,09/26/15,03:30:00 PM,,No,,,,,,
296,4,Massachusetts,Notre Dame,09/26/15,03:30:00 PM,,No,,,,,,
297,4,Florida Atlantic,Charlotte,09/26/15,07:00:00 PM,,No,,,,,,
298,4,James Madison,SMU,09/26/15,07:00:00 PM,,No,,,,,,
299,4,Colorado State,Texas San Antonio,09/26/15,07:00:00 PM,,No,,,,,,
300,4,Incarnate Word,UTEP,09/26/15,08:00:00 PM,,No,,,,,,
301,4,Ball State,Northwestern,09/26/15,08:00:00 PM,,No,,,,,,
302,4,Hawaii,Wisconsin,09/26/15,08:00:00 PM,,No,,,,,,
303,4,Idaho State,UNLV,09/26/15,09:00:00 PM,,No,,,,,,
304,4,Georgia Southern,Idaho,09/26/15,09:00:00 PM,,No,,,,,,
305,4,Fresno State,San José State,09/26/15,10:30:00 PM,,No,,,,,,
307,5,Miami (FL),Cincinnati,10/01/15,07:30:00 PM,,No,,,,,,
309,5,Temple,Charlotte,10/02/15,07:00:00 PM,,No,,,,,,
310,5,Memphis,South Florida,10/02/15,07:00:00 PM,,No,,,,,,
311,5,Connecticut,BYU,10/02/15,10:15:00 PM,,No,,,,,,
313,5,Florida Intl,Massachusetts,10/03/15,,,No,,,,,,
314,5,Minnesota,Northwestern,10/03/15,,,No,,,,,,
315,5,Iowa,Wisconsin,10/03/15,,,No,,,,,,
316,5,San José State,Auburn,10/03/15,,,No,,,,,,
317,5,Ole Miss,Florida,10/03/15,,,No,,,,,,
318,5,Alabama,Georgia,10/03/15,,,No,,,,,,
319,5,Eastern Kentucky,Kentucky,10/03/15,,,No,,,,,,
320,5,Eastern Michigan,LSU,10/03/15,,,No,,,,,,
321,5,South Carolina,Missouri,10/03/15,,,No,,,,,,
322,5,Arkansas,Tennessee,10/03/15,,,No,,,,,,
323,5,Mississippi State,Texas A&M;,10/03/15,,,No,,,,,,
324,5,Boston College,Duke,10/03/15,,,No,,,,,,
325,5,Notre Dame,Clemson,10/03/15,,,No,,,,,,
326,5,Florida State,Wake Forest,10/03/15,,,No,,,,,,
327,5,North Carolina,Georgia Tech,10/03/15,,,No,,,,,,
328,5,Louisville,NC State,10/03/15,,,No,,,,,,
329,5,Pittsburgh,Virginia Tech,10/03/15,,,No,,,,,,
330,5,Arizona,Stanford,10/03/15,,,No,,,,,,
331,5,Arizona State,UCLA,10/03/15,,,No,,,,,,
332,5,Oregon,Colorado,10/03/15,,,No,,,,,,
333,5,Washington State,California,10/03/15,,,No,,,,,,
334,5,Army,Penn State,10/03/15,,,No,,,,,,
335,5,Kansas,Iowa State,10/03/15,,,No,,,,,,
336,5,West Virginia,Oklahoma,10/03/15,,,No,,,,,,
337,5,Kansas State,Oklahoma State,10/03/15,,,No,,,,,,
338,5,Texas,TCU,10/03/15,,,No,,,,,,
339,5,Baylor,Texas Tech,10/03/15,,,No,,,,,,
340,5,Nebraska,Illinois,10/03/15,,,No,,,,,,
341,5,Ohio State,Indiana,10/03/15,,,No,,,,,,
342,5,East Carolina,SMU,10/03/15,,,No,,,,,,
343,5,UCF,Tulane,10/03/15,,,No,,,,,,
344,5,Houston,Tulsa,10/03/15,,,No,,,,,,
345,5,Hawaii,Boise State,10/03/15,,,No,,,,,,
346,5,Colorado State,Utah State,10/03/15,,,No,,,,,,
347,5,Wyoming,Appalachian State,10/03/15,,,No,,,,,,
348,5,Liberty,Georgia State,10/03/15,,,No,,,,,,
349,5,South Alabama,Troy,10/03/15,,,No,,,,,,
350,5,Purdue,Michigan State,10/03/15,12:00:00 PM,,No,,,,,,
351,5,Ohio,Akron,10/03/15,02:00:00 PM,,No,,,,,,
352,5,Toledo,Ball State,10/03/15,03:00:00 PM,,No,,,,,,
353,5,Northern Illinois,Central Michigan,10/03/15,03:00:00 PM,,No,,,,,,
354,5,Bowling Green,Buffalo,10/03/15,03:30:00 PM,,No,,,,,,
355,5,Miami (OH),Kent State,10/03/15,03:30:00 PM,,No,,,,,,
356,5,Air Force,Navy,10/03/15,03:30:00 PM,,No,,,,,,
357,5,Old Dominion,Marshall,10/03/15,03:30:00 PM,,No,,,,,,
358,5,Western Kentucky,Rice,10/03/15,03:30:00 PM,,No,,,,,,
359,5,North Texas,Southern Mississippi,10/03/15,07:00:00 PM,,No,,,,,,
360,5,Vanderbilt,Middle Tennessee,10/03/15,07:00:00 PM,,No,,,,,,
361,5,Louisiana Lafayette,Louisiana Tech,10/03/15,07:00:00 PM,,No,,,,,,
362,5,UNLV,Nevada,10/03/15,07:00:00 PM,,No,,,,,,
363,5,Idaho,Arkansas State,10/03/15,07:00:00 PM,,No,,,,,,
364,5,Georgia Southern,Louisiana Monroe,10/03/15,07:00:00 PM,,No,,,,,,
365,5,New Mexico State,New Mexico,10/03/15,08:00:00 PM,,No,,,,,,
366,5,Texas San Antonio,UTEP,10/03/15,08:00:00 PM,,No,,,,,,
367,5,Michigan,Maryland,10/03/15,08:00:00 PM,,No,,,,,,
368,5,Fresno State,San Diego State,10/03/15,10:30:00 PM,,No,,,,,,
370,6,SMU,Houston,10/08/15,08:00:00 PM,,No,,,,,,
371,6,Washington,USC,10/08/15,09:00:00 PM,,No,,,,,,
373,6,Southern Mississippi,Marshall,10/09/15,07:00:00 PM,,No,,,,,,
374,6,NC State,Virginia Tech,10/09/15,08:00:00 PM,,No,,,,,,
376,6,Wake Forest,Boston College,10/10/15,,,No,,,,,,
377,6,Georgia Tech,Clemson,10/10/15,,,No,,,,,,
378,6,Arkansas,Alabama,10/10/15,,,No,,,,,,
379,6,Troy,Mississippi State,10/10/15,,,No,,,,,,
380,6,Florida,Missouri,10/10/15,,,No,,,,,,
381,6,New Mexico State,Ole Miss,10/10/15,,,No,,,,,,
382,6,LSU,South Carolina,10/10/15,,,No,,,,,,
383,6,Georgia,Tennessee,10/10/15,,,No,,,,,,
384,6,Oregon State,Arizona,10/10/15,,,No,,,,,,
385,6,Colorado,Arizona State,10/10/15,,,No,,,,,,
386,6,California,Utah,10/10/15,,,No,,,,,,
387,6,Washington State,Oregon,10/10/15,,,No,,,,,,
388,6,Baylor,Kansas,10/10/15,,,No,,,,,,
389,6,TCU,Kansas State,10/10/15,,,No,,,,,,
390,6,Oklahoma,Texas,10/10/15,,,No,,,,,,
391,6,Iowa State,Texas Tech,10/10/15,,,No,,,,,,
392,6,Oklahoma State,West Virginia,10/10/15,,,No,,,,,,
393,6,East Carolina,BYU,10/10/15,,,No,,,,,,
394,6,Tulane,Temple,10/10/15,,,No,,,,,,
395,6,Louisiana Monroe,Tulsa,10/10/15,,,No,,,,,,
396,6,Connecticut,UCF,10/10/15,,,No,,,,,,
397,6,Wyoming,Air Force,10/10/15,,,No,,,,,,
398,6,Miami (FL),Florida State,10/10/15,,,No,,,,,,
399,6,Virginia,Pittsburgh,10/10/15,,,No,,,,,,
400,6,Syracuse,South Florida,10/10/15,,,No,,,,,,
401,6,Wisconsin,Nebraska,10/10/15,,,No,,,,,,
402,6,Minnesota,Purdue,10/10/15,,,No,,,,,,
403,6,Portland State,North Texas,10/10/15,,,No,,,,,,
404,6,Middle Tennessee,Western Kentucky,10/10/15,,,No,,,,,,
405,6,Massachusetts,Bowling Green,10/10/15,,,No,,,,,,
406,6,Central Michigan,Western Michigan,10/10/15,,,No,,,,,,
407,6,Ball State,Northern Illinois,10/10/15,,,No,,,,,,
408,6,Appalachian State,Georgia State,10/10/15,,,No,,,,,,
409,6,Texas State,Louisiana Lafayette,10/10/15,,,No,,,,,,
410,6,UTEP,Florida Intl,10/10/15,12:00:00 PM,,No,,,,,,
411,6,Maryland,Ohio State,10/10/15,12:00:00 PM,,No,,,,,,
412,6,Indiana,Penn State,10/10/15,12:00:00 PM,,No,,,,,,
413,6,Illinois,Iowa,10/10/15,12:00:00 PM,,No,,,,,,
414,6,Duke,Army,10/10/15,12:00:00 PM,,No,,,,,,
415,6,Miami (OH),Ohio,10/10/15,02:00:00 PM,,No,,,,,,
416,6,Rice,Florida Atlantic,10/10/15,02:30:00 PM,,No,,,,,,
417,6,Kent State,Toledo,10/10/15,03:00:00 PM,,No,,,,,,
418,6,Akron,Eastern Michigan,10/10/15,03:00:00 PM,,No,,,,,,
419,6,Navy,Notre Dame,10/10/15,03:30:00 PM,,No,,,,,,
420,6,Northwestern,Michigan,10/10/15,03:30:00 PM,,No,,,,,,
421,6,Boise State,Colorado State,10/10/15,07:00:00 PM,,No,,,,,,
422,6,New Mexico,Nevada,10/10/15,07:00:00 PM,,No,,,,,,
423,6,Louisiana Tech,Texas San Antonio,10/10/15,07:00:00 PM,,No,,,,,,
424,6,Michigan State,Rutgers,10/10/15,08:00:00 PM,,No,,,,,,
425,6,San José State,UNLV,10/10/15,09:00:00 PM,,No,,,,,,
426,6,Utah State,Fresno State,10/10/15,10:30:00 PM,,No,,,,,,
427,6,San Diego State,Hawaii,10/10/15,11:59:00 PM,,No,,,,,,
429,7,Arkansas State,South Alabama,10/13/15,08:00:00 PM,,No,,,,,,
431,7,Auburn,Kentucky,10/15/15,07:00:00 PM,,No,,,,,,
432,7,Western Kentucky,North Texas,10/15/15,07:30:00 PM,,No,,,,,,
433,7,UCLA,Stanford,10/15/15,10:30:00 PM,,No,,,,,,
435,7,Cincinnati,BYU,10/16/15,08:00:00 PM,,No,,,,,,
436,7,Houston,Tulane,10/16/15,09:00:00 PM,,No,,,,,,
437,7,Boise State,Utah State,10/16/15,09:00:00 PM,,No,,,,,,
438,7,UNLV,Fresno State,10/16/15,10:30:00 PM,,No,,,,,,
440,7,Idaho,Troy,10/17/15,,,No,,,,,,
441,7,Western Michigan,Ohio,10/17/15,,,No,,,,,,
442,7,Georgia State,Ball State,10/17/15,,,No,,,,,,
443,7,Eastern Michigan,Toledo,10/17/15,,,No,,,,,,
444,7,Nevada,Wyoming,10/17/15,,,No,,,,,,
445,7,San Diego State,San José State,10/17/15,,,No,,,,,,
446,7,Buffalo,Central Michigan,10/17/15,,,No,,,,,,
447,7,Florida Intl,Middle Tennessee,10/17/15,,,No,,,,,,
448,7,South Florida,Connecticut,10/17/15,,,No,,,,,,
449,7,Tulsa,East Carolina,10/17/15,,,No,,,,,,
450,7,UCF,Temple,10/17/15,,,No,,,,,,
451,7,Michigan State,Michigan,10/17/15,,,No,,,,,,
452,7,Nebraska,Minnesota,10/17/15,,,No,,,,,,
453,7,Oregon,Washington,10/17/15,,,No,,,,,,
454,7,Oregon State,Washington State,10/17/15,,,No,,,,,,
455,7,Arizona,Colorado,10/17/15,,,No,,,,,,
456,7,Arizona State,Utah,10/17/15,,,No,,,,,,
457,7,West Virginia,Baylor,10/17/15,,,No,,,,,,
458,7,TCU,Iowa State,10/17/15,,,No,,,,,,
459,7,Texas Tech,Kansas,10/17/15,,,No,,,,,,
460,7,Oklahoma,Kansas State,10/17/15,,,No,,,,,,
461,7,Boston College,Clemson,10/17/15,,,No,,,,,,
462,7,Louisville,Florida State,10/17/15,,,No,,,,,,
463,7,Pittsburgh,Georgia Tech,10/17/15,,,No,,,,,,
464,7,Virginia Tech,Miami (FL),10/17/15,,,No,,,,,,
465,7,Wake Forest,North Carolina,10/17/15,,,No,,,,,,
466,7,Syracuse,Virginia,10/17/15,,,No,,,,,,
467,7,Missouri,Georgia,10/17/15,,,No,,,,,,
468,7,Florida,LSU,10/17/15,,,No,,,,,,
469,7,Ole Miss,Memphis,10/17/15,,,No,,,,,,
470,7,Louisiana Tech,Mississippi State,10/17/15,,,No,,,,,,
471,7,Vanderbilt,South Carolina,10/17/15,,,No,,,,,,
472,7,Alabama,Texas A&M;,10/17/15,,,No,,,,,,
473,7,Bucknell,Army,10/17/15,12:00:00 PM,,No,,,,,,
474,7,Purdue,Wisconsin,10/17/15,12:00:00 PM,,No,,,,,,
475,7,Marshall,Florida Atlantic,10/17/15,12:00:00 PM,,No,,,,,,
476,7,Iowa,Northwestern,10/17/15,12:00:00 PM,,No,,,,,,
477,7,Northern Illinois,Miami (OH),10/17/15,02:30:00 PM,,No,,,,,,
478,7,Akron,Bowling Green,10/17/15,03:00:00 PM,,No,,,,,,
479,7,Kent State,Massachusetts,10/17/15,03:30:00 PM,,No,,,,,,
480,7,Air Force,Colorado State,10/17/15,03:30:00 PM,,No,,,,,,
481,7,Charlotte,Old Dominion,10/17/15,03:30:00 PM,,No,,,,,,
482,7,Rutgers,Indiana,10/17/15,03:30:00 PM,,No,,,,,,
483,7,New Mexico State,Georgia Southern,10/17/15,06:00:00 PM,,No,,,,,,
484,7,Appalachian State,Louisiana Monroe,10/17/15,07:00:00 PM,,No,,,,,,
485,7,Texas San Antonio,Southern Mississippi,10/17/15,07:00:00 PM,,No,,,,,,
486,7,Hawaii,New Mexico,10/17/15,07:00:00 PM,,No,,,,,,
487,7,USC,Notre Dame,10/17/15,07:30:00 PM,,No,,,,,,
488,7,Penn State,Ohio State,10/17/15,08:00:00 PM,,No,,,,,,
490,8,Louisiana Lafayette,Arkansas State,10/20/15,08:00:00 PM,,No,,,,,,
492,8,Temple,East Carolina,10/22/15,07:00:00 PM,,No,,,,,,
493,8,Georgia Southern,Appalachian State,10/22/15,07:30:00 PM,,No,,,,,,
494,8,California,UCLA,10/22/15,09:00:00 PM,,No,,,,,,
496,8,Memphis,Tulsa,10/23/15,08:00:00 PM,,No,,,,,,
497,8,Utah State,San Diego State,10/23/15,10:30:00 PM,,No,,,,,,
499,8,Toledo,Massachusetts,10/24/15,,,No,,,,,,
500,8,South Alabama,Texas State,10/24/15,,,No,,,,,,
501,8,Ohio,Buffalo,10/24/15,,,No,,,,,,
502,8,Bowling Green,Kent State,10/24/15,,,No,,,,,,
503,8,Central Michigan,Ball State,10/24/15,,,No,,,,,,
504,8,Connecticut,Cincinnati,10/24/15,,,No,,,,,,
505,8,SMU,South Florida,10/24/15,,,No,,,,,,
506,8,Houston,UCF,10/24/15,,,No,,,,,,
507,8,Fresno State,Air Force,10/24/15,,,No,,,,,,
508,8,Wyoming,Boise State,10/24/15,,,No,,,,,,
509,8,Penn State,Maryland,10/24/15,,,No,,,,,,
510,8,Indiana,Michigan State,10/24/15,,,No,,,,,,
511,8,Northwestern,Nebraska,10/24/15,,,No,,,,,,
512,8,Washington State,Arizona,10/24/15,,,No,,,,,,
513,8,Utah,USC,10/24/15,,,No,,,,,,
514,8,Colorado,Oregon State,10/24/15,,,No,,,,,,
515,8,Washington,Stanford,10/24/15,,,No,,,,,,
516,8,Iowa State,Baylor,10/24/15,,,No,,,,,,
517,8,Texas Tech,Oklahoma,10/24/15,,,No,,,,,,
518,8,Kansas,Oklahoma State,10/24/15,,,No,,,,,,
519,8,Kansas State,Texas,10/24/15,,,No,,,,,,
520,8,Tennessee,Alabama,10/24/15,,,No,,,,,,
521,8,Auburn,Arkansas,10/24/15,,,No,,,,,,
522,8,Western Kentucky,LSU,10/24/15,,,No,,,,,,
523,8,Kentucky,Mississippi State,10/24/15,,,No,,,,,,
524,8,Texas A&M;,Ole Miss,10/24/15,,,No,,,,,,
525,8,Missouri,Vanderbilt,10/24/15,,,No,,,,,,
526,8,Boston College,Louisville,10/24/15,,,No,,,,,,
527,8,Clemson,Miami (FL),10/24/15,,,No,,,,,,
528,8,Duke,Virginia Tech,10/24/15,,,No,,,,,,
529,8,Florida State,Georgia Tech,10/24/15,,,No,,,,,,
530,8,Virginia,North Carolina,10/24/15,,,No,,,,,,
531,8,NC State,Wake Forest,10/24/15,,,No,,,,,,
532,8,Pittsburgh,Syracuse,10/24/15,,,No,,,,,,
533,8,Army,Rice,10/24/15,12:00:00 PM,,No,,,,,,
534,8,Southern Mississippi,Charlotte,10/24/15,12:00:00 PM,,No,,,,,,
535,8,Tulane,Navy,10/24/15,01:00:00 PM,,No,,,,,,
536,8,Miami (OH),Western Michigan,10/24/15,02:00:00 PM,,No,,,,,,
537,8,Wagner,BYU,10/24/15,03:00:00 PM,,No,,,,,,
538,8,North Texas,Marshall,10/24/15,03:00:00 PM,,No,,,,,,
539,8,Wisconsin,Illinois,10/24/15,03:30:00 PM,,No,,,,,,
540,8,Middle Tennessee,Louisiana Tech,10/24/15,03:30:00 PM,,No,,,,,,
541,8,Eastern Michigan,Northern Illinois,10/24/15,03:30:00 PM,,No,,,,,,
542,8,Hawaii,Nevada,10/24/15,04:00:00 PM,,No,,,,,,
543,8,Louisiana Monroe,Idaho,10/24/15,05:00:00 PM,,No,,,,,,
544,8,Old Dominion,Florida Intl,10/24/15,06:00:00 PM,,No,,,,,,
545,8,Florida Atlantic,UTEP,10/24/15,07:00:00 PM,,No,,,,,,
546,8,New Mexico,San José State,10/24/15,07:00:00 PM,,No,,,,,,
547,8,Ohio State,Rutgers,10/24/15,08:00:00 PM,,No,,,,,,
548,8,Troy,New Mexico State,10/24/15,08:00:00 PM,,No,,,,,,
550,9,North Carolina,Pittsburgh,10/29/15,07:00:00 PM,,No,,,,,,
551,9,West Virginia,TCU,10/29/15,07:30:00 PM,,No,,,,,,
552,9,Western Michigan,Eastern Michigan,10/29/15,07:30:00 PM,,No,,,,,,
553,9,Buffalo,Miami (OH),10/29/15,07:30:00 PM,,No,,,,,,
554,9,Texas State,Georgia Southern,10/29/15,07:30:00 PM,,No,,,,,,
555,9,Oregon,Arizona State,10/29/15,10:30:00 PM,,No,,,,,,
557,9,Louisville,Wake Forest,10/30/15,07:00:00 PM,,No,,,,,,
558,9,East Carolina,Connecticut,10/30/15,07:00:00 PM,,No,,,,,,
559,9,Louisiana Tech,Rice,10/30/15,08:00:00 PM,,No,,,,,,
560,9,Wyoming,Utah State,10/30/15,10:15:00 PM,,No,,,,,,
562,9,Troy,Appalachian State,10/31/15,,,No,,,,,,
563,9,Boise State,UNLV,10/31/15,,,No,,,,,,
564,9,Western Kentucky,Old Dominion,10/31/15,,,No,,,,,,
565,9,Louisiana Monroe,Louisiana Lafayette,10/31/15,,,No,,,,,,
566,9,UTEP,Southern Mississippi,10/31/15,,,No,,,,,,
567,9,Tulsa,SMU,10/31/15,,,No,,,,,,
568,9,Central Michigan,Akron,10/31/15,,,No,,,,,,
569,9,Massachusetts,Ball State,10/31/15,,,No,,,,,,
570,9,UCF,Cincinnati,10/31/15,,,No,,,,,,
571,9,Tulane,Memphis,10/31/15,,,No,,,,,,
572,9,Illinois,Penn State,10/31/15,,,No,,,,,,
573,9,Nebraska,Purdue,10/31/15,,,No,,,,,,
574,9,Rutgers,Wisconsin,10/31/15,,,No,,,,,,
575,9,Notre Dame,Temple,10/31/15,,,No,,,,,,
576,9,Marshall,Charlotte,10/31/15,,,No,,,,,,
577,9,Virginia Tech,Boston College,10/31/15,,,No,,,,,,
578,9,Clemson,NC State,10/31/15,,,No,,,,,,
579,9,Miami (FL),Duke,10/31/15,,,No,,,,,,
580,9,Syracuse,Florida State,10/31/15,,,No,,,,,,
581,9,Georgia Tech,Virginia,10/31/15,,,No,,,,,,
582,9,Tennessee-Martin,Arkansas,10/31/15,,,No,,,,,,
583,9,Ole Miss,Auburn,10/31/15,,,No,,,,,,
584,9,Vanderbilt,Houston,10/31/15,,,No,,,,,,
585,9,Tennessee,Kentucky,10/31/15,,,No,,,,,,
586,9,South Carolina,Texas A&M;,10/31/15,,,No,,,,,,
587,9,Arizona,Washington,10/31/15,,,No,,,,,,
588,9,USC,California,10/31/15,,,No,,,,,,
589,9,Colorado,UCLA,10/31/15,,,No,,,,,,
590,9,Oregon State,Utah,10/31/15,,,No,,,,,,
591,9,Stanford,Washington State,10/31/15,,,No,,,,,,
592,9,Texas,Iowa State,10/31/15,,,No,,,,,,
593,9,Oklahoma,Kansas,10/31/15,,,No,,,,,,
594,9,Oklahoma State,Texas Tech,10/31/15,,,No,,,,,,
595,9,Maryland,Iowa,10/31/15,,,No,,,,,,
596,9,South Florida,Navy,10/31/15,12:00:00 PM,,No,,,,,,
597,9,Florida Intl,Florida Atlantic,10/31/15,03:30:00 PM,,No,,,,,,
598,9,Florida,Georgia,10/31/15,03:30:00 PM,,No,,,,,,
599,9,San Diego State,Colorado State,10/31/15,03:30:00 PM,,No,,,,,,
600,9,Georgia State,Arkansas State,10/31/15,07:00:00 PM,,No,,,,,,
601,9,Texas San Antonio,North Texas,10/31/15,07:00:00 PM,,No,,,,,,
602,9,Michigan,Minnesota,10/31/15,08:00:00 PM,,No,,,,,,
603,9,Idaho,New Mexico State,10/31/15,08:00:00 PM,,No,,,,,,
604,9,Air Force,Hawaii,10/31/15,10:30:00 PM,,No,,,,,,
606,10,Northern Illinois,Toledo,11/03/15,08:00:00 PM,,No,,,,,,
608,10,Ohio,Bowling Green,11/04/15,08:00:00 PM,,No,,,,,,
610,10,Buffalo,Kent State,11/05/15,07:30:00 PM,,No,,,,,,
611,10,Ball State,Western Michigan,11/05/15,07:30:00 PM,,No,,,,,,
612,10,Arkansas State,Appalachian State,11/05/15,07:30:00 PM,,No,,,,,,
613,10,Baylor,Kansas State,11/05/15,07:30:00 PM,,No,,,,,,
614,10,Mississippi State,Missouri,11/05/15,09:00:00 PM,,No,,,,,,
615,10,Nevada,Fresno State,11/05/15,10:30:00 PM,,No,,,,,,
617,10,Rice,UTEP,11/06/15,08:00:00 PM,,No,,,,,,
618,10,Temple,SMU,11/06/15,08:00:00 PM,,No,,,,,,
619,10,BYU,San José State,11/06/15,11:30:00 PM,,No,,,,,,
621,10,Louisiana Lafayette,Georgia State,11/07/15,,,No,,,,,,
622,10,Idaho,South Alabama,11/07/15,,,No,,,,,,
623,10,Louisiana Monroe,Troy,11/07/15,,,No,,,,,,
624,10,New Mexico State,Texas State,11/07/15,,,No,,,,,,
625,10,Eastern Michigan,Miami (OH),11/07/15,,,No,,,,,,
626,10,Akron,Massachusetts,11/07/15,,,No,,,,,,
627,10,South Florida,East Carolina,11/07/15,,,No,,,,,,
628,10,Cincinnati,Houston,11/07/15,,,No,,,,,,
629,10,Navy,Memphis,11/07/15,,,No,,,,,,
630,10,Connecticut,Tulane,11/07/15,,,No,,,,,,
631,10,UCF,Tulsa,11/07/15,,,No,,,,,,
632,10,Colorado State,Wyoming,11/07/15,,,No,,,,,,
633,10,Marshall,Middle Tennessee,11/07/15,,,No,,,,,,
634,10,Florida Atlantic,Western Kentucky,11/07/15,,,No,,,,,,
635,10,Rutgers,Michigan,11/07/15,,,No,,,,,,
636,10,Michigan State,Nebraska,11/07/15,,,No,,,,,,
637,10,Penn State,Northwestern,11/07/15,,,No,,,,,,
638,10,Minnesota,Ohio State,11/07/15,,,No,,,,,,
639,10,NC State,Boston College,11/07/15,,,No,,,,,,
640,10,Florida State,Clemson,11/07/15,,,No,,,,,,
641,10,Duke,North Carolina,11/07/15,,,No,,,,,,
642,10,Syracuse,Louisville,11/07/15,,,No,,,,,,
643,10,Virginia,Miami (FL),11/07/15,,,No,,,,,,
644,10,Notre Dame,Pittsburgh,11/07/15,,,No,,,,,,
645,10,Arizona,USC,11/07/15,,,No,,,,,,
646,10,Arizona State,Washington State,11/07/15,,,No,,,,,,
647,10,UCLA,Oregon State,11/07/15,,,No,,,,,,
648,10,Stanford,Colorado,11/07/15,,,No,,,,,,
649,10,Utah,Washington,11/07/15,,,No,,,,,,
650,10,California,Oregon,11/07/15,,,No,,,,,,
651,10,Army,Air Force,11/07/15,,,No,,,,,,
652,10,Iowa State,Oklahoma,11/07/15,,,No,,,,,,
653,10,TCU,Oklahoma State,11/07/15,,,No,,,,,,
654,10,Kansas,Texas,11/07/15,,,No,,,,,,
655,10,Texas Tech,West Virginia,11/07/15,,,No,,,,,,
656,10,Iowa,Indiana,11/07/15,,,No,,,,,,
657,10,LSU,Alabama,11/07/15,,,No,,,,,,
658,10,Vanderbilt,Florida,11/07/15,,,No,,,,,,
659,10,Kentucky,Georgia,11/07/15,,,No,,,,,,
660,10,Arkansas,Ole Miss,11/07/15,,,No,,,,,,
661,10,South Carolina,Tennessee,11/07/15,,,No,,,,,,
662,10,Auburn,Texas A&M;,11/07/15,,,No,,,,,,
663,10,Illinois,Purdue,11/07/15,12:00:00 PM,,No,,,,,,
664,10,Charlotte,Florida Intl,11/07/15,12:00:00 PM,,No,,,,,,
665,10,North Texas,Louisiana Tech,11/07/15,03:30:00 PM,,No,,,,,,
666,10,Wisconsin,Maryland,11/07/15,03:30:00 PM,,No,,,,,,
667,10,Utah State,New Mexico,11/07/15,03:30:00 PM,,No,,,,,,
668,10,Hawaii,UNLV,11/07/15,06:00:00 PM,,No,,,,,,
669,10,Old Dominion,Texas San Antonio,11/07/15,07:00:00 PM,,No,,,,,,
671,11,Kent State,Ohio,11/10/15,08:00:00 PM,,No,,,,,,
672,11,Toledo,Central Michigan,11/10/15,08:00:00 PM,,No,,,,,,
674,11,Northern Illinois,Buffalo,11/11/15,08:00:00 PM,,No,,,,,,
675,11,Bowling Green,Western Michigan,11/11/15,08:00:00 PM,,No,,,,,,
677,11,Louisiana Lafayette,South Alabama,11/12/15,07:30:00 PM,,No,,,,,,
678,11,Virginia Tech,Georgia Tech,11/12/15,07:30:00 PM,,No,,,,,,
680,11,USC,Colorado,11/13/15,09:00:00 PM,,No,,,,,,
682,11,Utah,Arizona,11/14/15,,,No,,,,,,
683,11,Washington,Arizona State,11/14/15,,,No,,,,,,
684,11,Washington State,UCLA,11/14/15,,,No,,,,,,
685,11,Oregon,Stanford,11/14/15,,,No,,,,,,
686,11,Oregon State,California,11/14/15,,,No,,,,,,
687,11,Maryland,Michigan State,11/14/15,,,No,,,,,,
688,11,Purdue,Northwestern,11/14/15,,,No,,,,,,
689,11,Nebraska,Rutgers,11/14/15,,,No,,,,,,
690,11,Texas San Antonio,Charlotte,11/14/15,,,No,,,,,,
691,11,Florida Intl,Marshall,11/14/15,,,No,,,,,,
692,11,UTEP,Old Dominion,11/14/15,,,No,,,,,,
693,11,Tulsa,Cincinnati,11/14/15,,,No,,,,,,
694,11,Memphis,Houston,11/14/15,,,No,,,,,,
695,11,Temple,South Florida,11/14/15,,,No,,,,,,
696,11,BYU,Missouri,11/14/15,,,No,,,,,,
697,11,Utah State,Air Force,11/14/15,,,No,,,,,,
698,11,New Mexico,Boise State,11/14/15,,,No,,,,,,
699,11,Clemson,Syracuse,11/14/15,,,No,,,,,,
700,11,Pittsburgh,Duke,11/14/15,,,No,,,,,,
701,11,NC State,Florida State,11/14/15,,,No,,,,,,
702,11,Virginia,Louisville,11/14/15,,,No,,,,,,
703,11,Miami (FL),North Carolina,11/14/15,,,No,,,,,,
704,11,Georgia,Auburn,11/14/15,,,No,,,,,,
705,11,Arkansas,LSU,11/14/15,,,No,,,,,,
706,11,Alabama,Mississippi State,11/14/15,,,No,,,,,,
707,11,Florida,South Carolina,11/14/15,,,No,,,,,,
708,11,North Texas,Tennessee,11/14/15,,,No,,,,,,
709,11,Western Carolina,Texas A&M;,11/14/15,,,No,,,,,,
710,11,Kentucky,Vanderbilt,11/14/15,,,No,,,,,,
711,11,Oklahoma,Baylor,11/14/15,,,No,,,,,,
712,11,Oklahoma State,Iowa State,11/14/15,,,No,,,,,,
713,11,Kansas,TCU,11/14/15,,,No,,,,,,
714,11,Kansas State,Texas Tech,11/14/15,,,No,,,,,,
715,11,Texas,West Virginia,11/14/15,,,No,,,,,,
716,11,Ohio State,Illinois,11/14/15,,,No,,,,,,
717,11,Michigan,Indiana,11/14/15,,,No,,,,,,
718,11,Appalachian State,Idaho,11/14/15,,,No,,,,,,
719,11,Akron,Miami (OH),11/14/15,,,No,,,,,,
720,11,Massachusetts,Eastern Michigan,11/14/15,,,No,,,,,,
721,11,Georgia Southern,Troy,11/14/15,,,No,,,,,,
722,11,Georgia State,Texas State,11/14/15,,,No,,,,,,
723,11,Middle Tennessee,Florida Atlantic,11/14/15,12:00:00 PM,,No,,,,,,
724,11,Tulane,Army,11/14/15,12:00:00 PM,,No,,,,,,
725,11,Arkansas State,Louisiana Monroe,11/14/15,03:00:00 PM,,No,,,,,,
726,11,SMU,Navy,11/14/15,03:30:00 PM,,No,,,,,,
727,11,Southern Mississippi,Rice,11/14/15,03:30:00 PM,,No,,,,,,
728,11,Wake Forest,Notre Dame,11/14/15,03:30:00 PM,,No,,,,,,
729,11,San José State,Nevada,11/14/15,04:00:00 PM,,No,,,,,,
730,11,UNLV,Colorado State,11/14/15,07:00:00 PM,,No,,,,,,
731,11,Minnesota,Iowa,11/14/15,08:00:00 PM,,No,,,,,,
732,11,Wyoming,San Diego State,11/14/15,10:30:00 PM,,No,,,,,,
733,11,Fresno State,Hawaii,11/14/15,11:00:00 PM,,No,,,,,,
735,12,Ball State,Ohio,11/17/15,,,No,,,,,,
736,12,Toledo,Bowling Green,11/17/15,,,No,,,,,,
738,12,Central Michigan,Kent State,11/18/15,08:00:00 PM,,No,,,,,,
739,12,Western Michigan,Northern Illinois,11/18/15,08:00:00 PM,,No,,,,,,
741,12,East Carolina,UCF,11/19/15,07:30:00 PM,,No,,,,,,
742,12,Louisiana Monroe,Texas State,11/19/15,09:30:00 PM,,No,,,,,,
744,12,Cincinnati,South Florida,11/20/15,08:00:00 PM,,No,,,,,,
745,12,Air Force,Boise State,11/20/15,09:30:00 PM,,No,,,,,,
747,12,South Alabama,Georgia State,11/21/15,,,No,,,,,,
748,12,New Mexico State,Louisiana Lafayette,11/21/15,,,No,,,,,,
749,12,Miami (OH),Massachusetts,11/21/15,,,No,,,,,,
750,12,Buffalo,Akron,11/21/15,,,No,,,,,,
751,12,Fresno State,BYU,11/21/15,,,No,,,,,,
752,12,Nevada,Utah State,11/21/15,,,No,,,,,,
753,12,Houston,Connecticut,11/21/15,,,No,,,,,,
754,12,Louisiana Tech,UTEP,11/21/15,,,No,,,,,,
755,12,Memphis,Temple,11/21/15,,,No,,,,,,
756,12,Navy,Tulsa,11/21/15,,,No,,,,,,
757,12,West Virginia,Kansas,11/21/15,,,No,,,,,,
758,12,Iowa State,Kansas State,11/21/15,,,No,,,,,,
759,12,TCU,Oklahoma,11/21/15,,,No,,,,,,
760,12,Baylor,Oklahoma State,11/21/15,,,No,,,,,,
761,12,Purdue,Iowa,11/21/15,,,No,,,,,,
762,12,Indiana,Maryland,11/21/15,,,No,,,,,,
763,12,Illinois,Minnesota,11/21/15,,,No,,,,,,
764,12,Michigan State,Ohio State,11/21/15,,,No,,,,,,
765,12,Michigan,Penn State,11/21/15,,,No,,,,,,
766,12,Northwestern,Wisconsin,11/21/15,,,No,,,,,,
767,12,Western Kentucky,Florida Intl,11/21/15,,,No,,,,,,
768,12,Charleston Southern,Alabama,11/21/15,,,No,,,,,,
769,12,Mississippi State,Arkansas,11/21/15,,,No,,,,,,
770,12,Idaho,Auburn,11/21/15,,,No,,,,,,
771,12,Florida Atlantic,Florida,11/21/15,,,No,,,,,,
772,12,Georgia Southern,Georgia,11/21/15,,,No,,,,,,
773,12,Charlotte,Kentucky,11/21/15,,,No,,,,,,
774,12,Tennessee,Missouri,11/21/15,,,No,,,,,,
775,12,LSU,Ole Miss,11/21/15,,,No,,,,,,
776,12,The Citadel,South Carolina,11/21/15,,,No,,,,,,
777,12,Texas A&M;,Vanderbilt,11/21/15,,,No,,,,,,
778,12,Wake Forest,Clemson,11/21/15,,,No,,,,,,
779,12,Duke,Virginia,11/21/15,,,No,,,,,,
780,12,Chattanooga,Florida State,11/21/15,,,No,,,,,,
781,12,Georgia Tech,Miami (FL),11/21/15,,,No,,,,,,
782,12,Louisville,Pittsburgh,11/21/15,,,No,,,,,,
783,12,North Carolina,Virginia Tech,11/21/15,,,No,,,,,,
784,12,Syracuse,NC State,11/21/15,,,No,,,,,,
785,12,Arizona,Arizona State,11/21/15,,,No,,,,,,
786,12,USC,Oregon,11/21/15,,,No,,,,,,
787,12,UCLA,Utah,11/21/15,,,No,,,,,,
788,12,Colorado,Washington State,11/21/15,,,No,,,,,,
789,12,Washington,Oregon State,11/21/15,,,No,,,,,,
790,12,California,Stanford,11/21/15,,,No,,,,,,
791,12,Rutgers,Army,11/21/15,12:00:00 PM,,No,,,,,,
792,12,North Texas,Middle Tennessee,11/21/15,12:00:00 PM,,No,,,,,,
793,12,Old Dominion,Southern Mississippi,11/21/15,03:30:00 PM,,No,,,,,,
794,12,Tulane,SMU,11/21/15,04:30:00 PM,,No,,,,,,
795,12,Colorado State,New Mexico,11/21/15,05:30:00 PM,,No,,,,,,
796,12,Rice,Texas San Antonio,11/21/15,07:00:00 PM,,No,,,,,,
797,12,Boston College,Notre Dame,11/21/15,07:30:00 PM,,No,,,,,,
798,12,San Diego State,UNLV,11/21/15,10:30:00 PM,,No,,,,,,
799,12,San José State,Hawaii,11/21/15,11:59:00 PM,,No,,,,,,
801,13,Bowling Green,Ball State,11/24/15,07:30:00 PM,,No,,,,,,
802,13,Ohio,Northern Illinois,11/24/15,07:30:00 PM,,No,,,,,,
804,13,South Florida,UCF,11/26/15,07:30:00 PM,,No,,,,,,
805,13,Texas Tech,Texas,11/26/15,07:30:00 PM,,No,,,,,,
807,13,Navy,Houston,11/27/15,,,No,,,,,,
808,13,Iowa,Nebraska,11/27/15,,,No,,,,,,
809,13,Miami (FL),Pittsburgh,11/27/15,,,No,,,,,,
810,13,Washington State,Washington,11/27/15,,,No,,,,,,
811,13,Tulsa,Tulane,11/27/15,,,No,,,,,,
812,13,Western Michigan,Toledo,11/27/15,,,No,,,,,,
813,13,Eastern Michigan,Central Michigan,11/27/15,,,No,,,,,,
814,13,Massachusetts,Buffalo,11/27/15,,,No,,,,,,
815,13,Kent State,Akron,11/27/15,,,No,,,,,,
816,13,Troy,Georgia State,11/27/15,,,No,,,,,,
817,13,Marshall,Western Kentucky,11/27/15,12:00:00 PM,,No,,,,,,
818,13,Missouri,Arkansas,11/27/15,02:30:00 PM,,No,,,,,,
819,13,Oregon State,Oregon,11/27/15,03:30:00 PM,,No,,,,,,
820,13,Boise State,San José State,11/27/15,03:30:00 PM,,No,,,,,,
821,13,Baylor,TCU,11/27/15,07:30:00 PM,,No,,,,,,
823,13,Kansas State,Kansas,11/28/15,,,No,,,,,,
824,13,Oklahoma,Oklahoma State,11/28/15,,,No,,,,,,
825,13,Iowa State,West Virginia,11/28/15,,,No,,,,,,
826,13,Northwestern,Illinois,11/28/15,,,No,,,,,,
827,13,Ohio State,Michigan,11/28/15,,,No,,,,,,
828,13,Penn State,Michigan State,11/28/15,,,No,,,,,,
829,13,Wisconsin,Minnesota,11/28/15,,,No,,,,,,
830,13,Indiana,Purdue,11/28/15,,,No,,,,,,
831,13,Maryland,Rutgers,11/28/15,,,No,,,,,,
832,13,Southern Mississippi,Louisiana Tech,11/28/15,,,No,,,,,,
833,13,UTEP,North Texas,11/28/15,,,No,,,,,,
834,13,Alabama,Auburn,11/28/15,,,No,,,,,,
835,13,Florida State,Florida,11/28/15,,,No,,,,,,
836,13,Georgia,Georgia Tech,11/28/15,,,No,,,,,,
837,13,Louisville,Kentucky,11/28/15,,,No,,,,,,
838,13,Texas A&M;,LSU,11/28/15,,,No,,,,,,
839,13,Ole Miss,Mississippi State,11/28/15,,,No,,,,,,
840,13,Clemson,South Carolina,11/28/15,,,No,,,,,,
841,13,Vanderbilt,Tennessee,11/28/15,,,No,,,,,,
842,13,Arizona State,California,11/28/15,,,No,,,,,,
843,13,UCLA,USC,11/28/15,,,No,,,,,,
844,13,Colorado,Utah,11/28/15,,,No,,,,,,
845,13,Notre Dame,Stanford,11/28/15,,,No,,,,,,
846,13,Boston College,Syracuse,11/28/15,,,No,,,,,,
847,13,Duke,Wake Forest,11/28/15,,,No,,,,,,
848,13,North Carolina,NC State,11/28/15,,,No,,,,,,
849,13,Virginia Tech,Virginia,11/28/15,,,No,,,,,,
850,13,Nevada,San Diego State,11/28/15,,,No,,,,,,
851,13,Louisiana Lafayette,Appalachian State,11/28/15,,,No,,,,,,
852,13,Arkansas State,New Mexico State,11/28/15,,,No,,,,,,
853,13,Air Force,New Mexico,11/28/15,,,No,,,,,,
854,13,Cincinnati,East Carolina,11/28/15,,,No,,,,,,
855,13,SMU,Memphis,11/28/15,,,No,,,,,,
856,13,Connecticut,Temple,11/28/15,,,No,,,,,,
857,13,Florida Atlantic,Old Dominion,11/28/15,12:00:00 PM,,No,,,,,,
858,13,South Alabama,Georgia Southern,11/28/15,02:00:00 PM,,No,,,,,,
859,13,UNLV,Wyoming,11/28/15,02:00:00 PM,,No,,,,,,
860,13,Middle Tennessee,Texas San Antonio,11/28/15,02:30:00 PM,,No,,,,,,
861,13,Charlotte,Rice,11/28/15,03:30:00 PM,,No,,,,,,
862,13,BYU,Utah State,11/28/15,03:30:00 PM,,No,,,,,,
863,13,Texas State,Idaho,11/28/15,05:00:00 PM,,No,,,,,,
864,13,Colorado State,Fresno State,11/28/15,09:00:00 PM,,No,,,,,,
865,13,Louisiana Monroe,Hawaii,11/28/15,11:59:00 PM,,No,,,,,,
867,14,Texas,Baylor,12/05/15,,,No,,,,,,
868,14,West Virginia,Kansas State,12/05/15,,,No,,,,,,
869,14,Appalachian State,South Alabama,12/05/15,,,No,,,,,,
870,14,Troy,Louisiana Lafayette,12/05/15,,,No,,,,,,
871,14,Georgia State,Georgia Southern,12/05/15,02:00:00 PM,,No,,,,,,
872,14,New Mexico State,Louisiana Monroe,12/05/15,03:00:00 PM,,No,,,,,,
873,14,Texas State,Arkansas State,12/05/15,03:00:00 PM,,No,,,,,,
875,15,Army,Navy,12/12/15,03:00:00 PM,,No,,,,,,
