2,1,North Dakota State,Montana,08/29/15,03:30:00 PM,,No,,,,,,
4,1,North Carolina,South Carolina,09/03/15,06:00:00 PM,,No,,,,,,
5,1,Florida Intl,UCF,09/03/15,06:00:00 PM,,No,,,,,,
6,1,Oklahoma State,Central Michigan,09/03/15,07:00:00 PM,,No,,,,,,
7,1,Elon,Wake Forest,09/03/15,07:00:00 PM,,No,,,,,,
8,1,North Greenville,Charleston Southern,09/03/15,07:00:00 PM,,No,,,,,,
9,1,Valparaiso,Eastern Kentucky,09/03/15,07:00:00 PM,,No,,,,,,
10,1,Kentucky Wesleyan,Murray State,09/03/15,07:00:00 PM,,No,,,,,,
11,1,VMI,Ball State,09/03/15,07:00:00 PM,,No,,,,,,
12,1,Stony Brook,Toledo,09/03/15,07:00:00 PM,,No,,,,,,
13,1,Eastern Illinois,Western Illinois,09/03/15,07:00:00 PM,,No,,,,,,
14,1,Central Arkansas,Samford,09/03/15,07:00:00 PM,,No,,,,,,
15,1,Pikeville,Campbell,09/03/15,07:00:00 PM,,No,,,,,,
16,1,Southeastern Louisiana,Northwestern State,09/03/15,07:00:00 PM,,No,,,,,,
17,1,Kennesaw State,East Tennessee State,09/03/15,07:30:00 PM,,No,,,,,,
18,1,Alcorn State,Georgia Tech,09/03/15,07:30:00 PM,,No,,,,,,
19,1,Villanova,Connecticut,09/03/15,07:30:00 PM,,No,,,,,,
20,1,Western Kentucky,Vanderbilt,09/03/15,08:00:00 PM,,No,,,,,,
21,1,Michigan,Utah,09/03/15,08:30:00 PM,,No,,,,,,
22,1,TCU,Minnesota,09/03/15,09:00:00 PM,,No,,,,,,
23,1,Southern Utah,Utah State,09/03/15,09:00:00 PM,,No,,,,,,
24,1,Ohio,Idaho,09/03/15,09:00:00 PM,,No,,,,,,
25,1,Fort Lewis,Montana State,09/03/15,09:05:00 PM,,No,,,,,,
26,1,Duke,Tulane,09/03/15,09:30:00 PM,,No,,,,,,
27,1,Texas San Antonio,Arizona,09/03/15,10:00:00 PM,,No,,,,,,
28,1,UC Davis,Nevada,09/03/15,10:00:00 PM,,No,,,,,,
29,1,New Hampshire,San José State,09/03/15,10:00:00 PM,,No,,,,,,
30,1,Abilene Christian,Fresno State,09/03/15,10:00:00 PM,,No,,,,,,
31,1,Colorado,Hawaii,09/03/15,01:00:00 AM,,No,,,,,,
33,1,Charlotte,Georgia State,09/04/15,03:30:00 PM,,No,,,,,,
34,1,Michigan State,Western Michigan,09/04/15,07:00:00 PM,,No,,,,,,
35,1,Fordham,Army,09/04/15,07:00:00 PM,,No,,,,,,
36,1,Baylor,SMU,09/04/15,07:00:00 PM,,No,,,,,,
37,1,Rhode Island,Syracuse,09/04/15,07:00:00 PM,,No,,,,,,
38,1,Lehigh,Central Connecticut,09/04/15,07:00:00 PM,,No,,,,,,
39,1,Jacksonville,Delaware,09/04/15,07:00:00 PM,,No,,,,,,
40,1,Weber State,Oregon State,09/04/15,08:00:00 PM,,No,,,,,,
41,1,Kent State,Illinois,09/04/15,09:00:00 PM,,No,,,,,,
42,1,Washington,Boise State,09/04/15,10:15:00 PM,,No,,,,,,
44,1,Louisiana Monroe,Georgia,09/05/15,12:00:00 PM,,No,,,,,,
45,1,Tennessee-Martin,Ole Miss,09/05/15,12:00:00 PM,,No,,,,,,
46,1,Stanford,Northwestern,09/05/15,12:00:00 PM,,No,,,,,,
47,1,Colgate,Navy,09/05/15,12:00:00 PM,,No,,,,,,
48,1,Norfolk State,Rutgers,09/05/15,12:00:00 PM,,No,,,,,,
49,1,South Dakota State,Kansas,09/05/15,12:00:00 PM,,No,,,,,,
50,1,Illinois State,Iowa,09/05/15,12:00:00 PM,,No,,,,,,
51,1,Richmond,Maryland,09/05/15,12:00:00 PM,,No,,,,,,
52,1,Georgetown,St Francis (PA),09/05/15,12:00:00 PM,,No,,,,,,
53,1,Kentucky Christian,Duquesne,09/05/15,12:00:00 PM,,No,,,,,,
54,1,Dayton,Robert Morris,09/05/15,12:00:00 PM,,No,,,,,,
55,1,Wofford,Clemson,09/05/15,12:30:00 PM,,No,,,,,,
56,1,Youngstown State,Pittsburgh,09/05/15,01:00:00 PM,,No,,,,,,
57,1,Maine,Boston College,09/05/15,01:00:00 PM,,No,,,,,,
58,1,Holy Cross,Monmouth,09/05/15,01:00:00 PM,,No,,,,,,
59,1,Portland State,Washington State,09/05/15,02:00:00 PM,,No,,,,,,
60,1,Old Dominion,Eastern Michigan,09/05/15,03:00:00 PM,,No,,,,,,
61,1,American International,Bryant,09/05/15,03:00:00 PM,,No,,,,,,
62,1,Texas A&M-Kingsville;,Incarnate Word,09/05/15,03:00:00 PM,,No,,,,,,
63,1,Butler,Indiana State,09/05/15,03:05:00 PM,,No,,,,,,
64,1,Morgan State,Air Force,09/05/15,03:30:00 PM,,No,,,,,,
65,1,Albany,Buffalo,09/05/15,03:30:00 PM,,No,,,,,,
66,1,Presbyterian College,Miami (OH),09/05/15,03:30:00 PM,,No,,,,,,
67,1,Howard,Appalachian State,09/05/15,03:30:00 PM,,No,,,,,,
68,1,BYU,Nebraska,09/05/15,03:30:00 PM,,No,,,,,,
69,1,Sam Houston State,Texas Tech,09/05/15,03:30:00 PM,,No,,,,,,
70,1,Penn State,Temple,09/05/15,03:30:00 PM,,No,,,,,,
71,1,Wagner,Rice,09/05/15,03:30:00 PM,,No,,,,,,
72,1,Florida Atlantic,Tulsa,09/05/15,03:30:00 PM,,No,,,,,,
73,1,UTEP,Arkansas,09/05/15,03:30:00 PM,,No,,,,,,
74,1,Louisville,Auburn,09/05/15,03:30:00 PM,,No,,,,,,
75,1,Virginia,UCLA,09/05/15,03:30:00 PM,,No,,,,,,
76,1,Western State,Northern Colorado,09/05/15,03:35:00 PM,,No,,,,,,
77,1,North Dakota,Wyoming,09/05/15,04:00:00 PM,,No,,,,,,
78,1,Savannah State,Colorado State,09/05/15,04:00:00 PM,,No,,,,,,
79,1,Bowling Green,Tennessee,09/05/15,04:00:00 PM,,No,,,,,,
80,1,Southeast Missouri State,Missouri,09/05/15,04:00:00 PM,,No,,,,,,
81,1,Southern Illinois,Indiana,09/05/15,04:00:00 PM,,No,,,,,,
82,1,Grambling State,California,09/05/15,05:00:00 PM,,No,,,,,,
83,1,Mercer,Austin Peay,09/05/15,05:00:00 PM,,No,,,,,,
84,1,Jacksonville State,Chattanooga,09/05/15,06:00:00 PM,,No,,,,,,
85,1,Morehead State,James Madison,09/05/15,06:00:00 PM,,No,,,,,,
86,1,William & Mary,Lafayette,09/05/15,06:00:00 PM,,No,,,,,,
87,1,Gardner-Webb,South Alabama,09/05/15,06:00:00 PM,,No,,,,,,
88,1,St. Anselm,Sacred Heart,09/05/15,06:00:00 PM,,No,,,,,,
89,1,Marist,Bucknell,09/05/15,06:00:00 PM,,No,,,,,,
90,1,Davidson,The Citadel,09/05/15,06:00:00 PM,,No,,,,,,
91,1,Kentucky State,Hampton,09/05/15,06:00:00 PM,,No,,,,,,
92,1,St. Augustine's,North Carolina Central,09/05/15,06:00:00 PM,,No,,,,,,
93,1,Shaw,North Carolina A&T;,09/05/15,06:00:00 PM,,No,,,,,,
94,1,Bethune-Cookman,Miami (FL),09/05/15,06:00:00 PM,,No,,,,,,
95,1,Troy,NC State,09/05/15,06:00:00 PM,,No,,,,,,
96,1,Towson,East Carolina,09/05/15,06:00:00 PM,,No,,,,,,
97,1,Black Hills State,Idaho State,09/05/15,06:05:00 PM,,No,,,,,,
98,1,Northern Arizona,Stephen F Austin,09/05/15,07:00:00 PM,,No,,,,,,
99,1,Coastal Carolina,Furman,09/05/15,07:00:00 PM,,No,,,,,,
100,1,Delaware State,Liberty,09/05/15,07:00:00 PM,,No,,,,,,
101,1,Mississippi Valley State,New Mexico,09/05/15,07:00:00 PM,,No,,,,,,
102,1,Mars Hill,Western Carolina,09/05/15,07:00:00 PM,,No,,,,,,
103,1,William Jewell College,Drake,09/05/15,07:00:00 PM,,No,,,,,,
104,1,Webber International,Stetson,09/05/15,07:00:00 PM,,No,,,,,,
106,2,Maryville TN,East Tennessee State,09/10/15,07:30:00 PM,,No,,,,,,
107,2,Bethel (TN),Tennessee-Martin,09/10/15,07:30:00 PM,,No,,,,,,
108,2,Southern,Mississippi Valley State,09/10/15,07:30:00 PM,,No,,,,,,
109,2,Louisiana Tech,Western Kentucky,09/10/15,08:00:00 PM,,No,,,,,,
111,2,Miami (FL),Florida Atlantic,09/11/15,08:00:00 PM,,No,,,,,,
112,2,Bacone College,Texas Southern,09/11/15,08:00:00 PM,,No,,,,,,
113,2,Utah State,Utah,09/11/15,09:00:00 PM,,No,,,,,,
115,2,South Florida,Florida State,09/12/15,11:30:00 AM,,No,,,,,,
116,2,Jacksonville State,Auburn,09/12/15,12:00:00 PM,,No,,,,,,
117,2,Oregon State,Michigan,09/12/15,12:00:00 PM,,No,,,,,,
118,2,Army,Connecticut,09/12/15,12:00:00 PM,,No,,,,,,
119,2,Kansas State,Texas San Antonio,09/12/15,12:00:00 PM,,No,,,,,,
120,2,Western Illinois,Illinois,09/12/15,12:00:00 PM,,No,,,,,,
121,2,Bowling Green,Maryland,09/12/15,12:00:00 PM,,No,,,,,,
122,2,Houston,Louisville,09/12/15,12:00:00 PM,,No,,,,,,
123,2,Buffalo,Penn State,09/12/15,12:00:00 PM,,No,,,,,,
124,2,Indiana State,Purdue,09/12/15,12:00:00 PM,,No,,,,,,
125,2,Miami (OH),Wisconsin,09/12/15,12:00:00 PM,,No,,,,,,
126,2,Presbyterian College,Charlotte,09/12/15,12:00:00 PM,,No,,,,,,
127,2,Wake Forest,Syracuse,09/12/15,12:30:00 PM,,No,,,,,,
128,2,Appalachian State,Clemson,09/12/15,12:30:00 PM,,No,,,,,,
129,2,Howard,Boston College,09/12/15,01:00:00 PM,,No,,,,,,
130,2,Mars Hill,Chattanooga,09/12/15,01:00:00 PM,,No,,,,,,
131,2,Jacksonville,Newberry,09/12/15,01:00:00 PM,,No,,,,,,
132,2,Morehead State,VMI,09/12/15,01:30:00 PM,,No,,,,,,
133,2,Eastern Washington,Northern Iowa,09/12/15,02:00:00 PM,,No,,,,,,
134,2,Sacred Heart,Valparaiso,09/12/15,02:00:00 PM,,No,,,,,,
135,2,Massachusetts,Colorado,09/12/15,02:00:00 PM,,No,,,,,,
136,2,Sacramento State,Washington,09/12/15,02:00:00 PM,,No,,,,,,
137,2,UTEP,Texas Tech,09/12/15,03:00:00 PM,,No,,,,,,
138,2,Liberty,West Virginia,09/12/15,03:00:00 PM,,No,,,,,,
139,2,Monmouth,Central Michigan,09/12/15,03:00:00 PM,,No,,,,,,
140,2,Chadron State,Missouri State,09/12/15,03:00:00 PM,,No,,,,,,
141,2,Florida A&M;,Samford,09/12/15,03:00:00 PM,,No,,,,,,
142,2,Rhode Island,Albany,09/12/15,03:30:00 PM,,No,,,,,,
143,2,Weber State,North Dakota State,09/12/15,03:30:00 PM,,No,,,,,,
144,2,Murray State,Northern Illinois,09/12/15,03:30:00 PM,,No,,,,,,
145,2,Hawaii,Ohio State,09/12/15,03:30:00 PM,,No,,,,,,
146,2,Austin Peay,Southern Mississippi,09/12/15,03:30:00 PM,,No,,,,,,
147,2,Minnesota,Colorado State,09/12/15,03:30:00 PM,,No,,,,,,
148,2,Stephen F Austin,TCU,09/12/15,03:30:00 PM,,No,,,,,,
149,2,Washington State,Rutgers,09/12/15,03:30:00 PM,,No,,,,,,
150,2,Tulane,Georgia Tech,09/12/15,03:30:00 PM,,No,,,,,,
151,2,Notre Dame,Virginia,09/12/15,03:30:00 PM,,No,,,,,,
152,2,Furman,Virginia Tech,09/12/15,03:30:00 PM,,No,,,,,,
153,2,Georgia,Vanderbilt,09/12/15,03:30:00 PM,,No,,,,,,
154,2,Fresno State,Ole Miss,09/12/15,03:30:00 PM,,No,,,,,,
155,2,Middle Tennessee,Alabama,09/12/15,04:00:00 PM,,No,,,,,,
156,2,Toledo,Arkansas,09/12/15,04:00:00 PM,,No,,,,,,
157,2,Eastern Illinois,Northwestern,09/12/15,04:00:00 PM,,No,,,,,,
158,2,Eastern Michigan,Wyoming,09/12/15,04:00:00 PM,,No,,,,,,
159,2,Lehigh,James Madison,09/12/15,04:00:00 PM,,No,,,,,,
160,2,Edward Waters,Kennesaw State,09/12/15,04:00:00 PM,,No,,,,,,
161,2,Iowa,Iowa State,09/12/15,04:30:00 PM,,No,,,,,,
162,2,San Diego State,California,09/12/15,05:00:00 PM,,No,,,,,,
163,2,Bethune-Cookman,Grambling State,09/12/15,05:00:00 PM,,No,,,,,,
164,2,Chowan,Campbell,09/12/15,06:00:00 PM,,No,,,,,,
165,2,New Hampshire,Colgate,09/12/15,06:00:00 PM,,No,,,,,,
166,2,Richmond,Hampton,09/12/15,06:00:00 PM,,No,,,,,,
167,2,Central Connecticut,Stony Brook,09/12/15,06:00:00 PM,,No,,,,,,
168,2,St Francis (PA),Towson,09/12/15,06:00:00 PM,,No,,,,,,
169,2,Villanova,Fordham,09/12/15,06:00:00 PM,,No,,,,,,
170,2,Lafayette,Delaware,09/12/15,06:00:00 PM,,No,,,,,,
171,2,Western Carolina,The Citadel,09/12/15,06:00:00 PM,,No,,,,,,
172,2,Stetson,Mercer,09/12/15,06:00:00 PM,,No,,,,,,
173,2,Marist,Georgetown,09/12/15,06:00:00 PM,,No,,,,,,
174,2,Duquesne,Bucknell,09/12/15,06:00:00 PM,,No,,,,,,
175,2,Coastal Carolina,South Carolina State,09/12/15,06:00:00 PM,,No,,,,,,
176,2,Elon,Gardner-Webb,09/12/15,06:00:00 PM,,No,,,,,,
177,2,Drake,North Dakota,09/12/15,06:00:00 PM,,No,,,,,,
178,2,Oklahoma,Tennessee,09/12/15,06:00:00 PM,,No,,,,,,
179,2,North Carolina Central,Duke,09/12/15,06:00:00 PM,,No,,,,,,
180,2,North Carolina A&T;,North Carolina,09/12/15,06:00:00 PM,,No,,,,,,
181,2,Eastern Kentucky,NC State,09/12/15,06:00:00 PM,,No,,,,,,
182,2,Pittsburgh,Akron,09/12/15,06:00:00 PM,,No,,,,,,
183,2,Delaware State,Kent State,09/12/15,06:00:00 PM,,No,,,,,,
184,2,Western Michigan,Georgia Southern,09/12/15,06:00:00 PM,,No,,,,,,
185,2,Portland State,Idaho State,09/12/15,06:05:00 PM,,No,,,,,,
186,2,Franklin,Butler,09/12/15,06:30:00 PM,,No,,,,,,
187,2,Catawba,Davidson,09/12/15,07:00:00 PM,,No,,,,,,
188,2,Incarnate Word,McNeese State,09/12/15,07:00:00 PM,,No,,,,,,
189,2,Robert Morris,Youngstown State,09/12/15,07:00:00 PM,,No,,,,,,
190,2,Southern Illinois,Southeast Missouri State,09/12/15,07:00:00 PM,,No,,,,,,
191,2,Southern Utah,South Dakota State,09/12/15,07:00:00 PM,,No,,,,,,
192,2,New Mexico Highlands,Northern Arizona,09/12/15,07:00:00 PM,,No,,,,,,
193,2,Alcorn State,Alabama State,09/12/15,07:00:00 PM,,No,,,,,,
194,2,Morehouse,Arkansas-Pine Bluff,09/12/15,07:00:00 PM,,No,,,,,,
195,2,Tennessee Tech,Wofford,09/12/15,07:00:00 PM,,No,,,,,,
196,2,Tennessee State,Jackson State,09/12/15,07:00:00 PM,,No,,,,,,
197,2,Northwestern State,Louisiana Lafayette,09/12/15,07:00:00 PM,,No,,,,,,
198,2,Nicholls State,Louisiana Monroe,09/12/15,07:00:00 PM,,No,,,,,,
199,2,Prairie View A&M;,Texas State,09/12/15,07:00:00 PM,,No,,,,,,
200,2,Charleston Southern,Troy,09/12/15,07:00:00 PM,,No,,,,,,
201,2,Marshall,Ohio,09/12/15,07:00:00 PM,,No,,,,,,
202,2,Norfolk State,Old Dominion,09/12/15,07:00:00 PM,,No,,,,,,
203,2,North Texas,SMU,09/12/15,07:00:00 PM,,No,,,,,,
204,2,Arizona,Nevada,09/12/15,07:00:00 PM,,No,,,,,,
205,2,Ball State,Texas A&M;,09/12/15,07:00:00 PM,,No,,,,,,
206,2,Missouri,Arkansas State,09/12/15,07:00:00 PM,,No,,,,,,
207,2,East Carolina,Florida,09/12/15,07:00:00 PM,,No,,,,,,
209,3,East Tennessee State,Charleston Southern,09/17/15,07:00:00 PM,,No,,,,,,
210,3,Florida A&M;,South Carolina State,09/17/15,07:30:00 PM,,No,,,,,,
211,3,Clemson,Louisville,09/17/15,07:30:00 PM,,No,,,,,,
213,3,Howard,Hampton,09/18/15,07:30:00 PM,,No,,,,,,
214,3,Florida State,Boston College,09/18/15,08:00:00 PM,,No,,,,,,
215,3,Idaho State,Boise State,09/18/15,09:00:00 PM,,No,,,,,,
216,3,New Mexico,Arizona State,09/18/15,10:00:00 PM,,No,,,,,,
218,3,Savannah State,Akron,09/19/15,12:00:00 PM,,No,,,,,,
219,3,South Florida,Maryland,09/19/15,12:00:00 PM,,No,,,,,,
220,3,UNLV,Michigan,09/19/15,12:00:00 PM,,No,,,,,,
221,3,Air Force,Michigan State,09/19/15,12:00:00 PM,,No,,,,,,
222,3,Kent State,Minnesota,09/19/15,12:00:00 PM,,No,,,,,,
223,3,Buffalo,Florida Atlantic,09/19/15,12:00:00 PM,,No,,,,,,
224,3,Nevada,Texas A&M;,09/19/15,12:00:00 PM,,No,,,,,,
225,3,Illinois,North Carolina,09/19/15,12:00:00 PM,,No,,,,,,
226,3,Connecticut,Missouri,09/19/15,12:00:00 PM,,No,,,,,,
227,3,Wake Forest,Army,09/19/15,12:00:00 PM,,No,,,,,,
228,3,Tulsa,Oklahoma,09/19/15,12:00:00 PM,,No,,,,,,
229,3,Delaware,Villanova,09/19/15,12:00:00 PM,,No,,,,,,
230,3,Dartmouth,Georgetown,09/19/15,12:00:00 PM,,No,,,,,,
231,3,Penn,Lehigh,09/19/15,12:30:00 PM,,No,,,,,,
232,3,Bryant,Brown,09/19/15,12:30:00 PM,,No,,,,,,
233,3,Central Michigan,Syracuse,09/19/15,12:30:00 PM,,No,,,,,,
234,3,Northwestern,Duke,09/19/15,12:30:00 PM,,No,,,,,,
235,3,Columbia,Fordham,09/19/15,01:00:00 PM,,No,,,,,,
236,3,Yale,Colgate,09/19/15,01:00:00 PM,,No,,,,,,
237,3,Harvard,Rhode Island,09/19/15,01:00:00 PM,,No,,,,,,
238,3,Shorter,Kennesaw State,09/19/15,01:00:00 PM,,No,,,,,,
239,3,Duquesne,Dayton,09/19/15,01:00:00 PM,,No,,,,,,
240,3,Chowan,Delaware State,09/19/15,02:00:00 PM,,No,,,,,,
241,3,College of Faith,Valparaiso,09/19/15,02:00:00 PM,,No,,,,,,
242,3,Tennessee State,Jacksonville State,09/19/15,02:00:00 PM,,No,,,,,,
243,3,Georgia State,Oregon,09/19/15,02:00:00 PM,,No,,,,,,
244,3,Southeastern Louisiana,Ohio,09/19/15,02:00:00 PM,,No,,,,,,
245,3,Rice,North Texas,09/19/15,02:30:00 PM,,No,,,,,,
246,3,Temple,Massachusetts,09/19/15,03:00:00 PM,,No,,,,,,
247,3,Ball State,Eastern Michigan,09/19/15,03:00:00 PM,,No,,,,,,
248,3,Memphis,Bowling Green,09/19/15,03:00:00 PM,,No,,,,,,
249,3,Louisiana Tech,Kansas State,09/19/15,03:00:00 PM,,No,,,,,,
250,3,Drake,South Dakota,09/19/15,03:00:00 PM,,No,,,,,,
251,3,Bucknell,Cornell,09/19/15,03:00:00 PM,,No,,,,,,
252,3,Albany,James Madison,09/19/15,03:00:00 PM,,No,,,,,,
253,3,Notre Dame College,Robert Morris,09/19/15,03:00:00 PM,,No,,,,,,
254,3,Nicholls State,Incarnate Word,09/19/15,03:00:00 PM,,No,,,,,,
255,3,Southeast Missouri State,Indiana State,09/19/15,03:05:00 PM,,No,,,,,,
256,3,North Dakota,North Dakota State,09/19/15,03:30:00 PM,,No,,,,,,
257,3,Chattanooga,Samford,09/19/15,03:30:00 PM,,No,,,,,,
258,3,Troy,Wisconsin,09/19/15,03:30:00 PM,,No,,,,,,
259,3,Northern Illinois,Ohio State,09/19/15,03:30:00 PM,,No,,,,,,
260,3,Cincinnati,Miami (OH),09/19/15,03:30:00 PM,,No,,,,,,
261,3,East Carolina,Navy,09/19/15,03:30:00 PM,,No,,,,,,
262,3,Norfolk State,Marshall,09/19/15,03:30:00 PM,,No,,,,,,
263,3,Texas San Antonio,Oklahoma State,09/19/15,03:30:00 PM,,No,,,,,,
264,3,William & Mary,Virginia,09/19/15,03:30:00 PM,,No,,,,,,
265,3,Virginia Tech,Purdue,09/19/15,03:30:00 PM,,No,,,,,,
266,3,Georgia Tech,Notre Dame,09/19/15,03:30:00 PM,,No,,,,,,
267,3,Nebraska,Miami (FL),09/19/15,03:30:00 PM,,No,,,,,,
268,3,Auburn,LSU,09/19/15,03:30:00 PM,,No,,,,,,
269,3,Northwestern State,Mississippi State,09/19/15,04:00:00 PM,,No,,,,,,
270,3,Austin Peay,Vanderbilt,09/19/15,04:00:00 PM,,No,,,,,,
271,3,Western Kentucky,Indiana,09/19/15,04:00:00 PM,,No,,,,,,
272,3,St Francis (PA),Youngstown State,09/19/15,04:00:00 PM,,No,,,,,,
273,3,Lynchburg,Morgan State,09/19/15,04:00:00 PM,,No,,,,,,
274,3,Lane,Bethune-Cookman,09/19/15,04:00:00 PM,,No,,,,,,
275,3,Montana State,Eastern Washington,09/19/15,04:05:00 PM,,No,,,,,,
276,3,Wofford,Idaho,09/19/15,05:00:00 PM,,No,,,,,,
277,3,Utah State,Washington,09/19/15,05:00:00 PM,,No,,,,,,
278,3,Mississippi Valley State,Alcorn State,09/19/15,05:00:00 PM,,No,,,,,,
279,3,Jackson State,Southern,09/19/15,06:00:00 PM,,No,,,,,,
280,3,Princeton,Lafayette,09/19/15,06:00:00 PM,,No,,,,,,
281,3,Western Illinois,Coastal Carolina,09/19/15,06:00:00 PM,,No,,,,,,
282,3,Virginia Union,Gardner-Webb,09/19/15,06:00:00 PM,,No,,,,,,
283,3,Monmouth,Wagner,09/19/15,06:00:00 PM,,No,,,,,,
284,3,North Carolina A&T;,Elon,09/19/15,06:00:00 PM,,No,,,,,,
285,3,VMI,Richmond,09/19/15,06:00:00 PM,,No,,,,,,
286,3,Holy Cross,Towson,09/19/15,06:00:00 PM,,No,,,,,,
287,3,Sacred Heart,Marist,09/19/15,06:00:00 PM,,No,,,,,,
288,3,South Carolina,Georgia,09/19/15,06:00:00 PM,,No,,,,,,
289,3,The Citadel,Georgia Southern,09/19/15,06:00:00 PM,,No,,,,,,
290,3,Furman,UCF,09/19/15,06:00:00 PM,,No,,,,,,
291,3,North Carolina Central,Florida Intl,09/19/15,06:00:00 PM,,No,,,,,,
292,3,Charlotte,Middle Tennessee,09/19/15,07:00:00 PM,,No,,,,,,
293,3,Southern Mississippi,Texas State,09/19/15,07:00:00 PM,,No,,,,,,
294,3,Murray State,Western Michigan,09/19/15,07:00:00 PM,,No,,,,,,
295,3,Missouri State,Arkansas State,09/19/15,07:00:00 PM,,No,,,,,,
296,3,Texas Tech,Arkansas,09/19/15,07:00:00 PM,,No,,,,,,
297,3,Western Carolina,Tennessee,09/19/15,07:00:00 PM,,No,,,,,,
298,3,NC State,Old Dominion,09/19/15,07:00:00 PM,,No,,,,,,
299,3,Colorado,Colorado State,09/19/15,07:00:00 PM,,No,,,,,,
300,3,Bowie State,Central Connecticut,09/19/15,07:00:00 PM,,No,,,,,,
301,3,Lamar,Sam Houston State,09/19/15,07:00:00 PM,,No,,,,,,
302,3,McNeese State,Stephen F Austin,09/19/15,07:00:00 PM,,No,,,,,,
303,3,Kentucky Christian,Morehead State,09/19/15,07:00:00 PM,,No,,,,,,
304,3,Butler,Taylor,09/19/15,07:00:00 PM,,No,,,,,,
305,3,Houston Baptist,Abilene Christian,09/19/15,07:00:00 PM,,No,,,,,,
306,3,Illinois State,Eastern Illinois,09/19/15,07:00:00 PM,,No,,,,,,
307,3,Montana,Liberty,09/19/15,07:00:00 PM,,No,,,,,,
308,3,Campbell,Presbyterian College,09/19/15,07:00:00 PM,,No,,,,,,
309,3,New Hampshire,Stony Brook,09/19/15,07:00:00 PM,,No,,,,,,
310,3,Mercer,Tennessee Tech,09/19/15,07:00:00 PM,,No,,,,,,
312,4,Penn,Villanova,09/24/15,07:00:00 PM,,No,,,,,,
313,4,Cincinnati,Memphis,09/24/15,07:30:00 PM,,No,,,,,,
315,4,Boise State,Virginia,09/25/15,08:00:00 PM,,No,,,,,,
316,4,Stanford,Oregon State,09/25/15,10:00:00 PM,,No,,,,,,
318,4,UCLA,Arizona,09/26/15,,,No,,,,,,
319,4,USC,Arizona State,09/26/15,,,No,,,,,,
320,4,Nicholls State,Colorado,09/26/15,,,No,,,,,,
321,4,Utah,Oregon,09/26/15,,,No,,,,,,
322,4,California,Washington,09/26/15,,,No,,,,,,
323,4,Army,Eastern Michigan,09/26/15,,,No,,,,,,
324,4,Oklahoma State,Texas,09/26/15,,,No,,,,,,
325,4,TCU,Texas Tech,09/26/15,,,No,,,,,,
326,4,Maryland,West Virginia,09/26/15,,,No,,,,,,
327,4,Middle Tennessee,Illinois,09/26/15,,,No,,,,,,
328,4,North Texas,Iowa,09/26/15,,,No,,,,,,
329,4,BYU,Michigan,09/26/15,,,No,,,,,,
330,4,Central Michigan,Michigan State,09/26/15,,,No,,,,,,
331,4,Northern Illinois,Boston College,09/26/15,,,No,,,,,,
332,4,Georgia Tech,Duke,09/26/15,,,No,,,,,,
333,4,Samford,Louisville,09/26/15,,,No,,,,,,
334,4,Delaware,North Carolina,09/26/15,,,No,,,,,,
335,4,NC State,South Alabama,09/26/15,,,No,,,,,,
336,4,Virginia Tech,East Carolina,09/26/15,,,No,,,,,,
337,4,Indiana,Wake Forest,09/26/15,,,No,,,,,,
338,4,Louisiana Monroe,Alabama,09/26/15,,,No,,,,,,
339,4,Texas A&M;,Arkansas,09/26/15,,,No,,,,,,
340,4,Mississippi State,Auburn,09/26/15,,,No,,,,,,
341,4,Tennessee,Florida,09/26/15,,,No,,,,,,
342,4,Southern,Georgia,09/26/15,,,No,,,,,,
343,4,Missouri,Kentucky,09/26/15,,,No,,,,,,
344,4,Vanderbilt,Ole Miss,09/26/15,,,No,,,,,,
345,4,UCF,South Carolina,09/26/15,,,No,,,,,,
346,4,LSU,Syracuse,09/26/15,,,No,,,,,,
347,4,Navy,Connecticut,09/26/15,,,No,,,,,,
348,4,Texas State,Houston,09/26/15,,,No,,,,,,
349,4,Marshall,Kent State,09/26/15,,,No,,,,,,
350,4,Western Michigan,Ohio State,09/26/15,,,No,,,,,,
351,4,San Diego State,Penn State,09/26/15,,,No,,,,,,
352,4,Bowling Green,Purdue,09/26/15,,,No,,,,,,
353,4,Nevada,Buffalo,09/26/15,,,No,,,,,,
354,4,Akron,Louisiana Lafayette,09/26/15,,,No,,,,,,
355,4,Arkansas State,Toledo,09/26/15,,,No,,,,,,
356,4,Emory & Henry,East Tennessee State,09/26/15,,,No,,,,,,
357,4,Houston Baptist,Sam Houston State,09/26/15,,,No,,,,,,
358,4,Jacksonville,Marist,09/26/15,12:00:00 PM,,No,,,,,,
359,4,Colgate,Holy Cross,09/26/15,12:00:00 PM,,No,,,,,,
360,4,Campbell,Butler,09/26/15,12:00:00 PM,,No,,,,,,
361,4,Kansas,Rutgers,09/26/15,12:00:00 PM,,No,,,,,,
362,4,Southern Mississippi,Nebraska,09/26/15,12:00:00 PM,,No,,,,,,
363,4,Georgetown,Columbia,09/26/15,01:00:00 PM,,No,,,,,,
364,4,Cornell,Yale,09/26/15,01:00:00 PM,,No,,,,,,
365,4,Monmouth,Fordham,09/26/15,01:00:00 PM,,No,,,,,,
366,4,Davidson,Morehead State,09/26/15,01:00:00 PM,,No,,,,,,
367,4,University of Faith,St Francis (PA),09/26/15,01:00:00 PM,,No,,,,,,
368,4,San Diego,Valparaiso,09/26/15,01:30:00 PM,,No,,,,,,
369,4,Shorter,Southeast Missouri State,09/26/15,02:00:00 PM,,No,,,,,,
370,4,Stetson,Drake,09/26/15,02:00:00 PM,,No,,,,,,
371,4,UC Davis,North Dakota,09/26/15,02:00:00 PM,,No,,,,,,
372,4,Florida Intl,Louisiana Tech,09/26/15,02:30:00 PM,,No,,,,,,
373,4,New Mexico,Wyoming,09/26/15,03:00:00 PM,,No,,,,,,
374,4,Rice,Baylor,09/26/15,03:00:00 PM,,No,,,,,,
375,4,VMI,Furman,09/26/15,03:00:00 PM,,No,,,,,,
376,4,Concordia (AL),Alcorn State,09/26/15,03:00:00 PM,,No,,,,,,
377,4,Arkansas-Pine Bluff,Alabama A&M;,09/26/15,03:00:00 PM,,No,,,,,,
378,4,Jacksonville State,Tennessee-Martin,09/26/15,03:00:00 PM,,No,,,,,,
379,4,Towson,Elon,09/26/15,03:00:00 PM,,No,,,,,,
380,4,Duquesne,Albany,09/26/15,03:30:00 PM,,No,,,,,,
381,4,Rhode Island,Maine,09/26/15,03:30:00 PM,,No,,,,,,
382,4,Stephen F Austin,Abilene Christian,09/26/15,03:30:00 PM,,No,,,,,,
383,4,Ohio,Minnesota,09/26/15,03:30:00 PM,,No,,,,,,
384,4,Miami (OH),Western Kentucky,09/26/15,03:30:00 PM,,No,,,,,,
385,4,Appalachian State,Old Dominion,09/26/15,03:30:00 PM,,No,,,,,,
386,4,Massachusetts,Notre Dame,09/26/15,03:30:00 PM,,No,,,,,,
387,4,Cal Poly,Montana State,09/26/15,03:35:00 PM,,No,,,,,,
388,4,Weber State,Northern Colorado,09/26/15,03:35:00 PM,,No,,,,,,
389,4,Tennessee State,Florida A&M;,09/26/15,04:00:00 PM,,No,,,,,,
390,4,Savannah State,Bethune-Cookman,09/26/15,04:00:00 PM,,No,,,,,,
391,4,Hampton,Norfolk State,09/26/15,04:00:00 PM,,No,,,,,,
392,4,Northern Arizona,Montana,09/26/15,04:00:00 PM,,No,,,,,,
393,4,Morgan State,Howard,09/26/15,04:30:00 PM,,No,,,,,,
394,4,Lehigh,Princeton,09/26/15,05:00:00 PM,,No,,,,,,
395,4,Western Oregon,Portland State,09/26/15,05:05:00 PM,,No,,,,,,
396,4,Kennesaw State,Dayton,09/26/15,06:00:00 PM,,No,,,,,,
397,4,Austin Peay,Eastern Kentucky,09/26/15,06:00:00 PM,,No,,,,,,
398,4,Central Connecticut,New Hampshire,09/26/15,06:00:00 PM,,No,,,,,,
399,4,Robert Morris,South Dakota State,09/26/15,06:00:00 PM,,No,,,,,,
400,4,Lafayette,Wagner,09/26/15,06:00:00 PM,,No,,,,,,
401,4,Charleston Southern,The Citadel,09/26/15,06:00:00 PM,,No,,,,,,
402,4,Bryant,Coastal Carolina,09/26/15,06:00:00 PM,,No,,,,,,
403,4,Gardner-Webb,Wofford,09/26/15,07:00:00 PM,,No,,,,,,
404,4,Colorado State,Texas San Antonio,09/26/15,07:00:00 PM,,No,,,,,,
405,4,Florida Atlantic,Charlotte,09/26/15,07:00:00 PM,,No,,,,,,
406,4,James Madison,SMU,09/26/15,07:00:00 PM,,No,,,,,,
407,4,Brown,Harvard,09/26/15,07:00:00 PM,,No,,,,,,
408,4,Alabama State,Mississippi Valley State,09/26/15,07:00:00 PM,,No,,,,,,
409,4,Sacred Heart,Dartmouth,09/26/15,07:00:00 PM,,No,,,,,,
410,4,Grambling State,Prairie View A&M;,09/26/15,07:00:00 PM,,No,,,,,,
411,4,Texas Southern,Jackson State,09/26/15,07:00:00 PM,,No,,,,,,
412,4,Tennessee Tech,Murray State,09/26/15,07:00:00 PM,,No,,,,,,
413,4,Liberty,Southern Illinois,09/26/15,07:00:00 PM,,No,,,,,,
415,5,Lamar,Southeastern Louisiana,10/01/15,07:00:00 PM,,No,,,,,,
416,5,Alabama State,Texas Southern,10/01/15,07:30:00 PM,,No,,,,,,
417,5,Miami (FL),Cincinnati,10/01/15,07:30:00 PM,,No,,,,,,
419,5,Temple,Charlotte,10/02/15,07:00:00 PM,,No,,,,,,
420,5,Memphis,South Florida,10/02/15,07:00:00 PM,,No,,,,,,
421,5,Georgetown,Harvard,10/02/15,07:00:00 PM,,No,,,,,,
422,5,Colgate,Cornell,10/02/15,07:00:00 PM,,No,,,,,,
423,5,Columbia,Princeton,10/02/15,07:00:00 PM,,No,,,,,,
424,5,Southern Utah,Weber State,10/02/15,08:00:00 PM,,No,,,,,,
425,5,Connecticut,BYU,10/02/15,10:15:00 PM,,No,,,,,,
427,5,Florida Intl,Massachusetts,10/03/15,,,No,,,,,,
428,5,Minnesota,Northwestern,10/03/15,,,No,,,,,,
429,5,Iowa,Wisconsin,10/03/15,,,No,,,,,,
430,5,San José State,Auburn,10/03/15,,,No,,,,,,
431,5,Ole Miss,Florida,10/03/15,,,No,,,,,,
432,5,Alabama,Georgia,10/03/15,,,No,,,,,,
433,5,Eastern Kentucky,Kentucky,10/03/15,,,No,,,,,,
434,5,Eastern Michigan,LSU,10/03/15,,,No,,,,,,
435,5,South Carolina,Missouri,10/03/15,,,No,,,,,,
436,5,Arkansas,Tennessee,10/03/15,,,No,,,,,,
437,5,Mississippi State,Texas A&M;,10/03/15,,,No,,,,,,
438,5,Boston College,Duke,10/03/15,,,No,,,,,,
439,5,Notre Dame,Clemson,10/03/15,,,No,,,,,,
440,5,Florida State,Wake Forest,10/03/15,,,No,,,,,,
441,5,North Carolina,Georgia Tech,10/03/15,,,No,,,,,,
442,5,Louisville,NC State,10/03/15,,,No,,,,,,
443,5,Pittsburgh,Virginia Tech,10/03/15,,,No,,,,,,
444,5,Arizona,Stanford,10/03/15,,,No,,,,,,
445,5,Arizona State,UCLA,10/03/15,,,No,,,,,,
446,5,Oregon,Colorado,10/03/15,,,No,,,,,,
447,5,Washington State,California,10/03/15,,,No,,,,,,
448,5,Army,Penn State,10/03/15,,,No,,,,,,
449,5,Kansas,Iowa State,10/03/15,,,No,,,,,,
450,5,West Virginia,Oklahoma,10/03/15,,,No,,,,,,
451,5,Kansas State,Oklahoma State,10/03/15,,,No,,,,,,
452,5,Texas,TCU,10/03/15,,,No,,,,,,
453,5,Baylor,Texas Tech,10/03/15,,,No,,,,,,
454,5,Nebraska,Illinois,10/03/15,,,No,,,,,,
455,5,Ohio State,Indiana,10/03/15,,,No,,,,,,
456,5,Liberty,Georgia State,10/03/15,,,No,,,,,,
457,5,South Alabama,Troy,10/03/15,,,No,,,,,,
458,5,East Carolina,SMU,10/03/15,,,No,,,,,,
459,5,UCF,Tulane,10/03/15,,,No,,,,,,
460,5,Houston,Tulsa,10/03/15,,,No,,,,,,
461,5,Hawaii,Boise State,10/03/15,,,No,,,,,,
462,5,Colorado State,Utah State,10/03/15,,,No,,,,,,
463,5,Wyoming,Appalachian State,10/03/15,,,No,,,,,,
464,5,Idaho,Arkansas State,10/03/15,,,No,,,,,,
465,5,Stony Brook,James Madison,10/03/15,12:00:00 PM,,No,,,,,,
466,5,Purdue,Michigan State,10/03/15,12:00:00 PM,,No,,,,,,
467,5,Central Connecticut,Duquesne,10/03/15,12:00:00 PM,,No,,,,,,
468,5,Robert Morris,Wagner,10/03/15,12:00:00 PM,,No,,,,,,
469,5,Yale,Lehigh,10/03/15,12:30:00 PM,,No,,,,,,
470,5,Norfolk State,Howard,10/03/15,01:00:00 PM,,No,,,,,,
471,5,Valparaiso,Davidson,10/03/15,01:00:00 PM,,No,,,,,,
472,5,Morehead State,Jacksonville,10/03/15,01:00:00 PM,,No,,,,,,
473,5,Dayton,Stetson,10/03/15,01:00:00 PM,,No,,,,,,
474,5,Northern Iowa,Illinois State,10/03/15,01:00:00 PM,,No,,,,,,
475,5,Bryant,Monmouth,10/03/15,01:00:00 PM,,No,,,,,,
476,5,Albany,Holy Cross,10/03/15,01:00:00 PM,,No,,,,,,
477,5,St Francis (PA),East Tennessee State,10/03/15,01:00:00 PM,,No,,,,,,
478,5,Bucknell,VMI,10/03/15,01:30:00 PM,,No,,,,,,
479,5,University of Faith,Prairie View A&M;,10/03/15,02:00:00 PM,,No,,,,,,
480,5,Morgan State,Delaware State,10/03/15,02:00:00 PM,,No,,,,,,
481,5,North Carolina A&T;,Hampton,10/03/15,02:00:00 PM,,No,,,,,,
482,5,Mississippi Valley State,Jacksonville State,10/03/15,02:00:00 PM,,No,,,,,,
483,5,Ohio,Akron,10/03/15,02:00:00 PM,,No,,,,,,
484,5,Toledo,Ball State,10/03/15,03:00:00 PM,,No,,,,,,
485,5,Northern Illinois,Central Michigan,10/03/15,03:00:00 PM,,No,,,,,,
486,5,Indiana State,Missouri State,10/03/15,03:00:00 PM,,No,,,,,,
487,5,Youngstown State,South Dakota,10/03/15,03:00:00 PM,,No,,,,,,
488,5,Northwestern State,Incarnate Word,10/03/15,03:00:00 PM,,No,,,,,,
489,5,Dartmouth,Penn,10/03/15,03:30:00 PM,,No,,,,,,
490,5,Bowling Green,Buffalo,10/03/15,03:30:00 PM,,No,,,,,,
491,5,Miami (OH),Kent State,10/03/15,03:30:00 PM,,No,,,,,,
492,5,Air Force,Navy,10/03/15,03:30:00 PM,,No,,,,,,
493,5,Presbyterian College,Western Carolina,10/03/15,03:30:00 PM,,No,,,,,,
494,5,Maine,Richmond,10/03/15,03:30:00 PM,,No,,,,,,
495,5,Elon,New Hampshire,10/03/15,03:30:00 PM,,No,,,,,,
496,5,Old Dominion,Marshall,10/03/15,03:30:00 PM,,No,,,,,,
497,5,Western Kentucky,Rice,10/03/15,03:30:00 PM,,No,,,,,,
498,5,Montana,UC Davis,10/03/15,04:00:00 PM,,No,,,,,,
499,5,Southern Illinois,Western Illinois,10/03/15,04:00:00 PM,,No,,,,,,
500,5,McNeese State,Nicholls State,10/03/15,04:00:00 PM,,No,,,,,,
501,5,Marist,San Diego,10/03/15,04:00:00 PM,,No,,,,,,
502,5,Bethune-Cookman,North Carolina Central,10/03/15,04:00:00 PM,,No,,,,,,
503,5,Sam Houston State,Stephen F Austin,10/03/15,04:00:00 PM,,No,,,,,,
504,5,Eastern Illinois,Austin Peay,10/03/15,05:00:00 PM,,No,,,,,,
505,5,Alcorn State,Arkansas-Pine Bluff,10/03/15,05:00:00 PM,,No,,,,,,
506,5,North Dakota,Portland State,10/03/15,05:05:00 PM,,No,,,,,,
507,5,Wofford,Mercer,10/03/15,06:00:00 PM,,No,,,,,,
508,5,Fordham,Lafayette,10/03/15,06:00:00 PM,,No,,,,,,
509,5,Drake,Campbell,10/03/15,06:00:00 PM,,No,,,,,,
510,5,Alabama A&M;,Coastal Carolina,10/03/15,06:00:00 PM,,No,,,,,,
511,5,Rhode Island,Brown,10/03/15,06:00:00 PM,,No,,,,,,
512,5,UNLV,Nevada,10/03/15,07:00:00 PM,,No,,,,,,
513,5,Georgia Southern,Louisiana Monroe,10/03/15,07:00:00 PM,,No,,,,,,
514,5,North Texas,Southern Mississippi,10/03/15,07:00:00 PM,,No,,,,,,
515,5,Vanderbilt,Middle Tennessee,10/03/15,07:00:00 PM,,No,,,,,,
516,5,Louisiana Lafayette,Louisiana Tech,10/03/15,07:00:00 PM,,No,,,,,,
518,6,Tennessee Tech,Eastern Kentucky,10/08/15,07:00:00 PM,,No,,,,,,
519,6,South Carolina State,Bethune-Cookman,10/08/15,07:30:00 PM,,No,,,,,,
520,6,SMU,Houston,10/08/15,08:00:00 PM,,No,,,,,,
521,6,Washington,USC,10/08/15,09:00:00 PM,,No,,,,,,
523,6,Southern Mississippi,Marshall,10/09/15,07:00:00 PM,,No,,,,,,
524,6,NC State,Virginia Tech,10/09/15,08:00:00 PM,,No,,,,,,
526,6,Wake Forest,Boston College,10/10/15,,,No,,,,,,
527,6,Georgia Tech,Clemson,10/10/15,,,No,,,,,,
528,6,Arkansas,Alabama,10/10/15,,,No,,,,,,
529,6,Troy,Mississippi State,10/10/15,,,No,,,,,,
530,6,Florida,Missouri,10/10/15,,,No,,,,,,
531,6,New Mexico State,Ole Miss,10/10/15,,,No,,,,,,
532,6,LSU,South Carolina,10/10/15,,,No,,,,,,
533,6,Georgia,Tennessee,10/10/15,,,No,,,,,,
534,6,Oregon State,Arizona,10/10/15,,,No,,,,,,
535,6,Colorado,Arizona State,10/10/15,,,No,,,,,,
536,6,California,Utah,10/10/15,,,No,,,,,,
537,6,Washington State,Oregon,10/10/15,,,No,,,,,,
538,6,Baylor,Kansas,10/10/15,,,No,,,,,,
539,6,TCU,Kansas State,10/10/15,,,No,,,,,,
540,6,Oklahoma,Texas,10/10/15,,,No,,,,,,
541,6,Iowa State,Texas Tech,10/10/15,,,No,,,,,,
542,6,Oklahoma State,West Virginia,10/10/15,,,No,,,,,,
543,6,East Carolina,BYU,10/10/15,,,No,,,,,,
544,6,Tulane,Temple,10/10/15,,,No,,,,,,
545,6,Louisiana Monroe,Tulsa,10/10/15,,,No,,,,,,
546,6,Connecticut,UCF,10/10/15,,,No,,,,,,
547,6,Wyoming,Air Force,10/10/15,,,No,,,,,,
548,6,Miami (FL),Florida State,10/10/15,,,No,,,,,,
549,6,Virginia,Pittsburgh,10/10/15,,,No,,,,,,
550,6,Syracuse,South Florida,10/10/15,,,No,,,,,,
551,6,Wisconsin,Nebraska,10/10/15,,,No,,,,,,
552,6,Minnesota,Purdue,10/10/15,,,No,,,,,,
553,6,Portland State,North Texas,10/10/15,,,No,,,,,,
554,6,Middle Tennessee,Western Kentucky,10/10/15,,,No,,,,,,
555,6,Massachusetts,Bowling Green,10/10/15,,,No,,,,,,
556,6,Appalachian State,Georgia State,10/10/15,,,No,,,,,,
557,6,Texas State,Louisiana Lafayette,10/10/15,,,No,,,,,,
558,6,Central Michigan,Western Michigan,10/10/15,,,No,,,,,,
559,6,Ball State,Northern Illinois,10/10/15,,,No,,,,,,
560,6,Incarnate Word,Sam Houston State,10/10/15,,,No,,,,,,
561,6,Sacred Heart,Robert Morris,10/10/15,12:00:00 PM,,No,,,,,,
562,6,Harvard,Cornell,10/10/15,12:00:00 PM,,No,,,,,,
563,6,UTEP,Florida Intl,10/10/15,12:00:00 PM,,No,,,,,,
564,6,William & Mary,Villanova,10/10/15,12:00:00 PM,,No,,,,,,
565,6,Monmouth,Charleston Southern,10/10/15,12:00:00 PM,,No,,,,,,
566,6,Delaware,Rhode Island,10/10/15,12:00:00 PM,,No,,,,,,
567,6,Maryland,Ohio State,10/10/15,12:00:00 PM,,No,,,,,,
568,6,Indiana,Penn State,10/10/15,12:00:00 PM,,No,,,,,,
569,6,Illinois,Iowa,10/10/15,12:00:00 PM,,No,,,,,,
570,6,Duke,Army,10/10/15,12:00:00 PM,,No,,,,,,
571,6,Point University,Kennesaw State,10/10/15,01:00:00 PM,,No,,,,,,
572,6,Furman,Chattanooga,10/10/15,01:00:00 PM,,No,,,,,,
573,6,Lehigh,Bucknell,10/10/15,01:00:00 PM,,No,,,,,,
574,6,Colgate,Princeton,10/10/15,01:00:00 PM,,No,,,,,,
575,6,Fordham,Penn,10/10/15,01:00:00 PM,,No,,,,,,
576,6,Butler,Morehead State,10/10/15,01:00:00 PM,,No,,,,,,
577,6,Bryant,Central Connecticut,10/10/15,01:00:00 PM,,No,,,,,,
578,6,Alderson-Broaddus,Duquesne,10/10/15,01:00:00 PM,,No,,,,,,
579,6,Kentucky Wesleyan,Davidson,10/10/15,01:00:00 PM,,No,,,,,,
580,6,San Diego,Dayton,10/10/15,01:00:00 PM,,No,,,,,,
581,6,Brown,Holy Cross,10/10/15,01:05:00 PM,,No,,,,,,
582,6,Samford,VMI,10/10/15,01:30:00 PM,,No,,,,,,
583,6,Yale,Dartmouth,10/10/15,01:30:00 PM,,No,,,,,,
584,6,Wofford,The Citadel,10/10/15,02:00:00 PM,,No,,,,,,
585,6,Valparaiso,Drake,10/10/15,02:00:00 PM,,No,,,,,,
586,6,Delaware State,Hampton,10/10/15,02:00:00 PM,,No,,,,,,
587,6,North Carolina A&T;,Norfolk State,10/10/15,02:00:00 PM,,No,,,,,,
588,6,Presbyterian College,Coastal Carolina,10/10/15,02:00:00 PM,,No,,,,,,
589,6,Idaho State,North Dakota,10/10/15,02:00:00 PM,,No,,,,,,
590,6,Northern Iowa,North Dakota State,10/10/15,02:00:00 PM,,No,,,,,,
591,6,Southeast Missouri State,Eastern Illinois,10/10/15,02:00:00 PM,,No,,,,,,
592,6,Miami (OH),Ohio,10/10/15,02:00:00 PM,,No,,,,,,
593,6,Rice,Florida Atlantic,10/10/15,02:30:00 PM,,No,,,,,,
594,6,Kent State,Toledo,10/10/15,03:00:00 PM,,No,,,,,,
595,6,Akron,Eastern Michigan,10/10/15,03:00:00 PM,,No,,,,,,
596,6,James Madison,Towson,10/10/15,03:00:00 PM,,No,,,,,,
597,6,Mississippi Valley State,Prairie View A&M;,10/10/15,03:00:00 PM,,No,,,,,,
598,6,Mercer,Western Carolina,10/10/15,03:30:00 PM,,No,,,,,,
599,6,Central Arkansas,Houston Baptist,10/10/15,03:30:00 PM,,No,,,,,,
600,6,Tennessee State,Tennessee-Martin,10/10/15,03:30:00 PM,,No,,,,,,
601,6,Maine,Albany,10/10/15,03:30:00 PM,,No,,,,,,
602,6,Elon,Richmond,10/10/15,03:30:00 PM,,No,,,,,,
603,6,Navy,Notre Dame,10/10/15,03:30:00 PM,,No,,,,,,
604,6,Northwestern,Michigan,10/10/15,03:30:00 PM,,No,,,,,,
605,6,Weber State,Montana,10/10/15,04:00:00 PM,,No,,,,,,
606,6,Austin Peay,Murray State,10/10/15,04:00:00 PM,,No,,,,,,
607,6,South Dakota,Western Illinois,10/10/15,04:00:00 PM,,No,,,,,,
608,6,Nicholls State,Stephen F Austin,10/10/15,04:00:00 PM,,No,,,,,,
609,6,Savannah State,Morgan State,10/10/15,04:00:00 PM,,No,,,,,,
610,6,North Carolina Central,Florida A&M;,10/10/15,04:00:00 PM,,No,,,,,,
611,6,Alabama A&M;,Grambling State,10/10/15,04:00:00 PM,,No,,,,,,
612,6,Cal Poly,Eastern Washington,10/10/15,04:05:00 PM,,No,,,,,,
613,6,Lafayette,Georgetown,10/10/15,06:00:00 PM,,No,,,,,,
614,6,Wagner,Columbia,10/10/15,06:00:00 PM,,No,,,,,,
615,6,Stetson,Jacksonville,10/10/15,06:00:00 PM,,No,,,,,,
616,6,Marist,Campbell,10/10/15,06:00:00 PM,,No,,,,,,
617,6,Southeastern Louisiana,McNeese State,10/10/15,07:00:00 PM,,No,,,,,,
618,6,Southern,Alabama State,10/10/15,07:00:00 PM,,No,,,,,,
619,6,Northern Arizona,UC Davis,10/10/15,07:00:00 PM,,No,,,,,,
621,7,Arkansas State,South Alabama,10/13/15,08:00:00 PM,,No,,,,,,
623,7,Auburn,Kentucky,10/15/15,07:00:00 PM,,No,,,,,,
624,7,Western Kentucky,North Texas,10/15/15,07:30:00 PM,,No,,,,,,
625,7,Alabama State,Arkansas-Pine Bluff,10/15/15,07:30:00 PM,,No,,,,,,
626,7,UCLA,Stanford,10/15/15,10:30:00 PM,,No,,,,,,
628,7,Cincinnati,BYU,10/16/15,08:00:00 PM,,No,,,,,,
629,7,Houston,Tulane,10/16/15,09:00:00 PM,,No,,,,,,
630,7,Boise State,Utah State,10/16/15,09:00:00 PM,,No,,,,,,
631,7,UNLV,Fresno State,10/16/15,10:30:00 PM,,No,,,,,,
633,7,Idaho,Troy,10/17/15,,,No,,,,,,
634,7,Western Michigan,Ohio,10/17/15,,,No,,,,,,
635,7,Georgia State,Ball State,10/17/15,,,No,,,,,,
636,7,Eastern Michigan,Toledo,10/17/15,,,No,,,,,,
637,7,Nevada,Wyoming,10/17/15,,,No,,,,,,
638,7,San Diego State,San José State,10/17/15,,,No,,,,,,
639,7,Buffalo,Central Michigan,10/17/15,,,No,,,,,,
640,7,Florida Intl,Middle Tennessee,10/17/15,,,No,,,,,,
641,7,South Florida,Connecticut,10/17/15,,,No,,,,,,
642,7,Tulsa,East Carolina,10/17/15,,,No,,,,,,
643,7,UCF,Temple,10/17/15,,,No,,,,,,
644,7,Michigan State,Michigan,10/17/15,,,No,,,,,,
645,7,Nebraska,Minnesota,10/17/15,,,No,,,,,,
646,7,Oregon,Washington,10/17/15,,,No,,,,,,
647,7,Oregon State,Washington State,10/17/15,,,No,,,,,,
648,7,Arizona,Colorado,10/17/15,,,No,,,,,,
649,7,Arizona State,Utah,10/17/15,,,No,,,,,,
650,7,West Virginia,Baylor,10/17/15,,,No,,,,,,
651,7,TCU,Iowa State,10/17/15,,,No,,,,,,
652,7,Texas Tech,Kansas,10/17/15,,,No,,,,,,
653,7,Oklahoma,Kansas State,10/17/15,,,No,,,,,,
654,7,Boston College,Clemson,10/17/15,,,No,,,,,,
655,7,Louisville,Florida State,10/17/15,,,No,,,,,,
656,7,Pittsburgh,Georgia Tech,10/17/15,,,No,,,,,,
657,7,Virginia Tech,Miami (FL),10/17/15,,,No,,,,,,
658,7,Wake Forest,North Carolina,10/17/15,,,No,,,,,,
659,7,Syracuse,Virginia,10/17/15,,,No,,,,,,
660,7,Missouri,Georgia,10/17/15,,,No,,,,,,
661,7,Florida,LSU,10/17/15,,,No,,,,,,
662,7,Ole Miss,Memphis,10/17/15,,,No,,,,,,
663,7,Louisiana Tech,Mississippi State,10/17/15,,,No,,,,,,
664,7,Vanderbilt,South Carolina,10/17/15,,,No,,,,,,
665,7,Alabama,Texas A&M;,10/17/15,,,No,,,,,,
666,7,Bucknell,Army,10/17/15,12:00:00 PM,,No,,,,,,
667,7,Purdue,Wisconsin,10/17/15,12:00:00 PM,,No,,,,,,
668,7,Marshall,Florida Atlantic,10/17/15,12:00:00 PM,,No,,,,,,
669,7,Iowa,Northwestern,10/17/15,12:00:00 PM,,No,,,,,,
670,7,Richmond,Rhode Island,10/17/15,12:00:00 PM,,No,,,,,,
671,7,New Hampshire,William & Mary,10/17/15,12:00:00 PM,,No,,,,,,
672,7,Princeton,Brown,10/17/15,12:00:00 PM,,No,,,,,,
673,7,Dartmouth,Central Connecticut,10/17/15,12:00:00 PM,,No,,,,,,
674,7,Colgate,Georgetown,10/17/15,12:00:00 PM,,No,,,,,,
675,7,Duquesne,Bryant,10/17/15,12:00:00 PM,,No,,,,,,
676,7,Hampton,Morgan State,10/17/15,01:00:00 PM,,No,,,,,,
677,7,Bethune-Cookman,North Carolina A&T;,10/17/15,01:00:00 PM,,No,,,,,,
678,7,Campbell,Stetson,10/17/15,01:00:00 PM,,No,,,,,,
679,7,Davidson,Butler,10/17/15,01:00:00 PM,,No,,,,,,
680,7,Edward Waters,Jacksonville,10/17/15,01:00:00 PM,,No,,,,,,
681,7,Holy Cross,Fordham,10/17/15,01:00:00 PM,,No,,,,,,
682,7,Cornell,Sacred Heart,10/17/15,01:00:00 PM,,No,,,,,,
683,7,Gardner-Webb,Kennesaw State,10/17/15,01:00:00 PM,,No,,,,,,
684,7,Liberty,Monmouth,10/17/15,01:00:00 PM,,No,,,,,,
685,7,Chattanooga,VMI,10/17/15,01:30:00 PM,,No,,,,,,
686,7,Eastern Kentucky,Southeast Missouri State,10/17/15,02:00:00 PM,,No,,,,,,
687,7,Dayton,Valparaiso,10/17/15,02:00:00 PM,,No,,,,,,
688,7,North Carolina Central,Savannah State,10/17/15,02:00:00 PM,,No,,,,,,
689,7,Howard,South Carolina State,10/17/15,02:00:00 PM,,No,,,,,,
690,7,Western Carolina,Wofford,10/17/15,02:00:00 PM,,No,,,,,,
691,7,Jackson State,Alabama A&M;,10/17/15,02:00:00 PM,,No,,,,,,
692,7,Charleston Southern,Presbyterian College,10/17/15,02:00:00 PM,,No,,,,,,
693,7,Northern Illinois,Miami (OH),10/17/15,02:30:00 PM,,No,,,,,,
694,7,Akron,Bowling Green,10/17/15,03:00:00 PM,,No,,,,,,
695,7,Southern Illinois,Indiana State,10/17/15,03:00:00 PM,,No,,,,,,
696,7,Illinois State,Missouri State,10/17/15,03:00:00 PM,,No,,,,,,
697,7,James Madison,Elon,10/17/15,03:00:00 PM,,No,,,,,,
698,7,Sam Houston State,Abilene Christian,10/17/15,03:00:00 PM,,No,,,,,,
699,7,The Citadel,Samford,10/17/15,03:00:00 PM,,No,,,,,,
700,7,Grambling State,Alcorn State,10/17/15,03:00:00 PM,,No,,,,,,
701,7,Texas Southern,Mississippi Valley State,10/17/15,03:00:00 PM,,No,,,,,,
702,7,Delaware State,Florida A&M;,10/17/15,03:00:00 PM,,No,,,,,,
703,7,Penn,Columbia,10/17/15,03:30:00 PM,,No,,,,,,
704,7,Harvard,Lafayette,10/17/15,03:30:00 PM,,No,,,,,,
705,7,Wagner,St Francis (PA),10/17/15,03:30:00 PM,,No,,,,,,
706,7,Yale,Maine,10/17/15,03:30:00 PM,,No,,,,,,
707,7,South Dakota,North Dakota State,10/17/15,03:30:00 PM,,No,,,,,,
708,7,Villanova,Albany,10/17/15,03:30:00 PM,,No,,,,,,
709,7,Kent State,Massachusetts,10/17/15,03:30:00 PM,,No,,,,,,
710,7,Air Force,Colorado State,10/17/15,03:30:00 PM,,No,,,,,,
711,7,Charlotte,Old Dominion,10/17/15,03:30:00 PM,,No,,,,,,
712,7,Rutgers,Indiana,10/17/15,03:30:00 PM,,No,,,,,,
713,7,Montana State,Portland State,10/17/15,03:35:00 PM,,No,,,,,,
714,7,UC Davis,Northern Colorado,10/17/15,03:35:00 PM,,No,,,,,,
715,7,East Tennessee State,Mercer,10/17/15,04:00:00 PM,,No,,,,,,
716,7,South Dakota State,Youngstown State,10/17/15,04:00:00 PM,,No,,,,,,
717,7,Houston Baptist,Nicholls State,10/17/15,04:00:00 PM,,No,,,,,,
718,7,Eastern Washington,Idaho State,10/17/15,04:35:00 PM,,No,,,,,,
719,7,Western Illinois,Northern Iowa,10/17/15,05:00:00 PM,,No,,,,,,
720,7,Drake,San Diego,10/17/15,05:00:00 PM,,No,,,,,,
721,7,Tennessee-Martin,Austin Peay,10/17/15,05:00:00 PM,,No,,,,,,
722,7,Prairie View A&M;,Southern,10/17/15,05:00:00 PM,,No,,,,,,
723,7,Towson,Stony Brook,10/17/15,06:00:00 PM,,No,,,,,,
725,8,Louisiana Lafayette,Arkansas State,10/20/15,08:00:00 PM,,No,,,,,,
727,8,Temple,East Carolina,10/22/15,07:00:00 PM,,No,,,,,,
728,8,Georgia Southern,Appalachian State,10/22/15,07:30:00 PM,,No,,,,,,
729,8,California,UCLA,10/22/15,09:00:00 PM,,No,,,,,,
731,8,Yale,Penn,10/23/15,07:00:00 PM,,No,,,,,,
732,8,Memphis,Tulsa,10/23/15,08:00:00 PM,,No,,,,,,
733,8,Utah State,San Diego State,10/23/15,10:30:00 PM,,No,,,,,,
735,8,Toledo,Massachusetts,10/24/15,,,No,,,,,,
736,8,South Alabama,Texas State,10/24/15,,,No,,,,,,
737,8,Ohio,Buffalo,10/24/15,,,No,,,,,,
738,8,Bowling Green,Kent State,10/24/15,,,No,,,,,,
739,8,Central Michigan,Ball State,10/24/15,,,No,,,,,,
740,8,Connecticut,Cincinnati,10/24/15,,,No,,,,,,
741,8,SMU,South Florida,10/24/15,,,No,,,,,,
742,8,Houston,UCF,10/24/15,,,No,,,,,,
743,8,Fresno State,Air Force,10/24/15,,,No,,,,,,
744,8,Wyoming,Boise State,10/24/15,,,No,,,,,,
745,8,Penn State,Maryland,10/24/15,,,No,,,,,,
746,8,Indiana,Michigan State,10/24/15,,,No,,,,,,
747,8,Northwestern,Nebraska,10/24/15,,,No,,,,,,
748,8,Washington State,Arizona,10/24/15,,,No,,,,,,
749,8,Utah,USC,10/24/15,,,No,,,,,,
750,8,Colorado,Oregon State,10/24/15,,,No,,,,,,
751,8,Washington,Stanford,10/24/15,,,No,,,,,,
752,8,Iowa State,Baylor,10/24/15,,,No,,,,,,
753,8,Texas Tech,Oklahoma,10/24/15,,,No,,,,,,
754,8,Kansas,Oklahoma State,10/24/15,,,No,,,,,,
755,8,Kansas State,Texas,10/24/15,,,No,,,,,,
756,8,Tennessee,Alabama,10/24/15,,,No,,,,,,
757,8,Auburn,Arkansas,10/24/15,,,No,,,,,,
758,8,Western Kentucky,LSU,10/24/15,,,No,,,,,,
759,8,Kentucky,Mississippi State,10/24/15,,,No,,,,,,
760,8,Texas A&M;,Ole Miss,10/24/15,,,No,,,,,,
761,8,Missouri,Vanderbilt,10/24/15,,,No,,,,,,
762,8,Boston College,Louisville,10/24/15,,,No,,,,,,
763,8,Clemson,Miami (FL),10/24/15,,,No,,,,,,
764,8,Duke,Virginia Tech,10/24/15,,,No,,,,,,
765,8,Florida State,Georgia Tech,10/24/15,,,No,,,,,,
766,8,Virginia,North Carolina,10/24/15,,,No,,,,,,
767,8,NC State,Wake Forest,10/24/15,,,No,,,,,,
768,8,Pittsburgh,Syracuse,10/24/15,,,No,,,,,,
769,8,Nicholls State,Sam Houston State,10/24/15,,,No,,,,,,
770,8,Princeton,Harvard,10/24/15,12:00:00 PM,,No,,,,,,
771,8,Army,Rice,10/24/15,12:00:00 PM,,No,,,,,,
772,8,Southern Mississippi,Charlotte,10/24/15,12:00:00 PM,,No,,,,,,
773,8,Stony Brook,Maine,10/24/15,12:30:00 PM,,No,,,,,,
774,8,Brown,Cornell,10/24/15,12:30:00 PM,,No,,,,,,
775,8,Lehigh,Fordham,10/24/15,01:00:00 PM,,No,,,,,,
776,8,Georgetown,Bucknell,10/24/15,01:00:00 PM,,No,,,,,,
777,8,Lafayette,Holy Cross,10/24/15,01:00:00 PM,,No,,,,,,
778,8,Howard,North Carolina A&T;,10/24/15,01:00:00 PM,,No,,,,,,
779,8,St Francis (PA),Bryant,10/24/15,01:00:00 PM,,No,,,,,,
780,8,Central Connecticut,Sacred Heart,10/24/15,01:00:00 PM,,No,,,,,,
781,8,Marist,Davidson,10/24/15,01:00:00 PM,,No,,,,,,
782,8,Coastal Carolina,Monmouth,10/24/15,01:00:00 PM,,No,,,,,,
783,8,North Dakota State,Indiana State,10/24/15,01:00:00 PM,,No,,,,,,
784,8,Tulane,Navy,10/24/15,01:00:00 PM,,No,,,,,,
785,8,Charleston Southern,Gardner-Webb,10/24/15,01:30:00 PM,,No,,,,,,
786,8,Chattanooga,Wofford,10/24/15,01:30:00 PM,,No,,,,,,
787,8,The Citadel,Furman,10/24/15,01:30:00 PM,,No,,,,,,
788,8,Tennessee Tech,Eastern Illinois,10/24/15,02:00:00 PM,,No,,,,,,
789,8,South Carolina State,Delaware State,10/24/15,02:00:00 PM,,No,,,,,,
790,8,Morgan State,North Carolina Central,10/24/15,02:00:00 PM,,No,,,,,,
791,8,Jacksonville,Drake,10/24/15,02:00:00 PM,,No,,,,,,
792,8,Stetson,Valparaiso,10/24/15,02:00:00 PM,,No,,,,,,
793,8,Miami (OH),Western Michigan,10/24/15,02:00:00 PM,,No,,,,,,
794,8,Wagner,BYU,10/24/15,03:00:00 PM,,No,,,,,,
795,8,Missouri State,South Dakota,10/24/15,03:00:00 PM,,No,,,,,,
796,8,Northern Iowa,South Dakota State,10/24/15,03:00:00 PM,,No,,,,,,
797,8,Tennessee State,Eastern Kentucky,10/24/15,03:00:00 PM,,No,,,,,,
798,8,Western Illinois,Illinois State,10/24/15,03:00:00 PM,,No,,,,,,
799,8,North Texas,Marshall,10/24/15,03:00:00 PM,,No,,,,,,
800,8,Southeastern Louisiana,Houston Baptist,10/24/15,03:00:00 PM,,No,,,,,,
801,8,Abilene Christian,Incarnate Word,10/24/15,03:00:00 PM,,No,,,,,,
802,8,Murray State,Tennessee-Martin,10/24/15,03:00:00 PM,,No,,,,,,
803,8,VMI,Mercer,10/24/15,03:00:00 PM,,No,,,,,,
804,8,Columbia,Dartmouth,10/24/15,03:00:00 PM,,No,,,,,,
805,8,Arkansas-Pine Bluff,Jackson State,10/24/15,03:00:00 PM,,No,,,,,,
806,8,Mississippi Valley State,Grambling State,10/24/15,03:00:00 PM,,No,,,,,,
807,8,Southern,Texas Southern,10/24/15,03:00:00 PM,,No,,,,,,
808,8,New Hampshire,Delaware,10/24/15,03:30:00 PM,,No,,,,,,
809,8,Samford,Western Carolina,10/24/15,03:30:00 PM,,No,,,,,,
810,8,Wisconsin,Illinois,10/24/15,03:30:00 PM,,No,,,,,,
811,8,Hampton,William & Mary,10/24/15,03:30:00 PM,,No,,,,,,
812,8,Richmond,James Madison,10/24/15,03:30:00 PM,,No,,,,,,
813,8,North Dakota,Montana,10/24/15,03:30:00 PM,,No,,,,,,
814,8,Middle Tennessee,Louisiana Tech,10/24/15,03:30:00 PM,,No,,,,,,
815,8,Eastern Michigan,Northern Illinois,10/24/15,03:30:00 PM,,No,,,,,,
816,8,Eastern Washington,Northern Colorado,10/24/15,03:35:00 PM,,No,,,,,,
817,8,Hawaii,Nevada,10/24/15,04:00:00 PM,,No,,,,,,
818,8,Norfolk State,Bethune-Cookman,10/24/15,04:00:00 PM,,No,,,,,,
819,8,Morehead State,Campbell,10/24/15,04:00:00 PM,,No,,,,,,
820,8,East Tennessee State,Montana State,10/24/15,04:35:00 PM,,No,,,,,,
821,8,Louisiana Monroe,Idaho,10/24/15,05:00:00 PM,,No,,,,,,
822,8,Jacksonville State,Austin Peay,10/24/15,05:00:00 PM,,No,,,,,,
823,8,Old Dominion,Florida Intl,10/24/15,06:00:00 PM,,No,,,,,,
824,8,Butler,Dayton,10/24/15,06:00:00 PM,,No,,,,,,
825,8,Duquesne,Robert Morris,10/24/15,06:00:00 PM,,No,,,,,,
826,8,Central Arkansas,Lamar,10/24/15,07:00:00 PM,,No,,,,,,
827,8,Northwestern State,McNeese State,10/24/15,07:00:00 PM,,No,,,,,,
829,9,North Carolina,Pittsburgh,10/29/15,07:00:00 PM,,No,,,,,,
830,9,West Virginia,TCU,10/29/15,07:30:00 PM,,No,,,,,,
831,9,Western Michigan,Eastern Michigan,10/29/15,07:30:00 PM,,No,,,,,,
832,9,Buffalo,Miami (OH),10/29/15,07:30:00 PM,,No,,,,,,
833,9,Texas State,Georgia Southern,10/29/15,07:30:00 PM,,No,,,,,,
834,9,Oregon,Arizona State,10/29/15,10:30:00 PM,,No,,,,,,
836,9,Louisville,Wake Forest,10/30/15,07:00:00 PM,,No,,,,,,
837,9,East Carolina,Connecticut,10/30/15,07:00:00 PM,,No,,,,,,
838,9,Dartmouth,Harvard,10/30/15,07:30:00 PM,,No,,,,,,
839,9,Louisiana Tech,Rice,10/30/15,08:00:00 PM,,No,,,,,,
840,9,Wyoming,Utah State,10/30/15,10:15:00 PM,,No,,,,,,
842,9,Warner,East Tennessee State,10/31/15,,,No,,,,,,
843,9,Troy,Appalachian State,10/31/15,,,No,,,,,,
844,9,Georgia State,Arkansas State,10/31/15,,,No,,,,,,
845,9,Boise State,UNLV,10/31/15,,,No,,,,,,
846,9,Western Kentucky,Old Dominion,10/31/15,,,No,,,,,,
847,9,Louisiana Monroe,Louisiana Lafayette,10/31/15,,,No,,,,,,
848,9,UTEP,Southern Mississippi,10/31/15,,,No,,,,,,
849,9,Tulsa,SMU,10/31/15,,,No,,,,,,
850,9,Central Michigan,Akron,10/31/15,,,No,,,,,,
851,9,Massachusetts,Ball State,10/31/15,,,No,,,,,,
852,9,UCF,Cincinnati,10/31/15,,,No,,,,,,
853,9,Tulane,Memphis,10/31/15,,,No,,,,,,
854,9,Illinois,Penn State,10/31/15,,,No,,,,,,
855,9,Nebraska,Purdue,10/31/15,,,No,,,,,,
856,9,Rutgers,Wisconsin,10/31/15,,,No,,,,,,
857,9,Notre Dame,Temple,10/31/15,,,No,,,,,,
858,9,Marshall,Charlotte,10/31/15,,,No,,,,,,
859,9,Virginia Tech,Boston College,10/31/15,,,No,,,,,,
860,9,Clemson,NC State,10/31/15,,,No,,,,,,
861,9,Miami (FL),Duke,10/31/15,,,No,,,,,,
862,9,Syracuse,Florida State,10/31/15,,,No,,,,,,
863,9,Georgia Tech,Virginia,10/31/15,,,No,,,,,,
864,9,Tennessee-Martin,Arkansas,10/31/15,,,No,,,,,,
865,9,Ole Miss,Auburn,10/31/15,,,No,,,,,,
866,9,Vanderbilt,Houston,10/31/15,,,No,,,,,,
867,9,Tennessee,Kentucky,10/31/15,,,No,,,,,,
868,9,South Carolina,Texas A&M;,10/31/15,,,No,,,,,,
869,9,Arizona,Washington,10/31/15,,,No,,,,,,
870,9,USC,California,10/31/15,,,No,,,,,,
871,9,Colorado,UCLA,10/31/15,,,No,,,,,,
872,9,Oregon State,Utah,10/31/15,,,No,,,,,,
873,9,Stanford,Washington State,10/31/15,,,No,,,,,,
874,9,Texas,Iowa State,10/31/15,,,No,,,,,,
875,9,Oklahoma,Kansas,10/31/15,,,No,,,,,,
876,9,Oklahoma State,Texas Tech,10/31/15,,,No,,,,,,
877,9,Maryland,Iowa,10/31/15,,,No,,,,,,
878,9,Texas A&M-Commerce;,Sam Houston State,10/31/15,,,No,,,,,,
879,9,Robert Morris,Central Connecticut,10/31/15,12:00:00 PM,,No,,,,,,
880,9,Wagner,Duquesne,10/31/15,12:00:00 PM,,No,,,,,,
881,9,Sacred Heart,St Francis (PA),10/31/15,12:00:00 PM,,No,,,,,,
882,9,Butler,Marist,10/31/15,12:00:00 PM,,No,,,,,,
883,9,South Florida,Navy,10/31/15,12:00:00 PM,,No,,,,,,
884,9,Elon,Stony Brook,10/31/15,12:00:00 PM,,No,,,,,,
885,9,Georgetown,Lehigh,10/31/15,12:30:00 PM,,No,,,,,,
886,9,Penn,Brown,10/31/15,12:30:00 PM,,No,,,,,,
887,9,Columbia,Yale,10/31/15,12:30:00 PM,,No,,,,,,
888,9,Savannah State,Howard,10/31/15,01:00:00 PM,,No,,,,,,
889,9,Drake,Morehead State,10/31/15,01:00:00 PM,,No,,,,,,
890,9,San Diego,Stetson,10/31/15,01:00:00 PM,,No,,,,,,
891,9,Jacksonville,Dayton,10/31/15,01:00:00 PM,,No,,,,,,
892,9,Fordham,Colgate,10/31/15,01:00:00 PM,,No,,,,,,
893,9,Monmouth,Kennesaw State,10/31/15,01:00:00 PM,,No,,,,,,
894,9,Rhode Island,New Hampshire,10/31/15,01:00:00 PM,,No,,,,,,
895,9,Indiana State,Illinois State,10/31/15,01:00:00 PM,,No,,,,,,
896,9,Bryant,Holy Cross,10/31/15,01:05:00 PM,,No,,,,,,
897,9,Wofford,VMI,10/31/15,01:30:00 PM,,No,,,,,,
898,9,Hampton,South Carolina State,10/31/15,01:30:00 PM,,No,,,,,,
899,9,Gardner-Webb,Presbyterian College,10/31/15,02:00:00 PM,,No,,,,,,
900,9,Mercer,The Citadel,10/31/15,02:00:00 PM,,No,,,,,,
901,9,Norfolk State,North Carolina Central,10/31/15,02:00:00 PM,,No,,,,,,
902,9,College of Faith,Texas Southern,10/31/15,02:00:00 PM,,No,,,,,,
903,9,Bethune-Cookman,Delaware State,10/31/15,02:00:00 PM,,No,,,,,,
904,9,Arkansas-Pine Bluff,Prairie View A&M;,10/31/15,02:00:00 PM,,No,,,,,,
905,9,Youngstown State,Western Illinois,10/31/15,02:00:00 PM,,No,,,,,,
906,9,Western Carolina,Chattanooga,10/31/15,02:00:00 PM,,No,,,,,,
907,9,South Dakota,Northern Iowa,10/31/15,02:00:00 PM,,No,,,,,,
908,9,Eastern Kentucky,Jacksonville State,10/31/15,02:00:00 PM,,No,,,,,,
909,9,Tennessee Tech,Southeast Missouri State,10/31/15,02:00:00 PM,,No,,,,,,
910,9,Eastern Illinois,Murray State,10/31/15,02:00:00 PM,,No,,,,,,
911,9,Montana State,North Dakota,10/31/15,02:00:00 PM,,No,,,,,,
912,9,Austin Peay,Tennessee State,10/31/15,03:00:00 PM,,No,,,,,,
913,9,Furman,Samford,10/31/15,03:00:00 PM,,No,,,,,,
914,9,North Dakota State,Southern Illinois,10/31/15,03:00:00 PM,,No,,,,,,
915,9,South Dakota State,Missouri State,10/31/15,03:00:00 PM,,No,,,,,,
916,9,North Carolina A&T;,Florida A&M;,10/31/15,03:00:00 PM,,No,,,,,,
917,9,Lamar,Houston Baptist,10/31/15,03:00:00 PM,,No,,,,,,
918,9,McNeese State,Abilene Christian,10/31/15,03:00:00 PM,,No,,,,,,
919,9,Campbell,Davidson,10/31/15,03:00:00 PM,,No,,,,,,
920,9,Weber State,Eastern Washington,10/31/15,03:05:00 PM,,No,,,,,,
921,9,San Diego State,Colorado State,10/31/15,03:30:00 PM,,No,,,,,,
922,9,Albany,Richmond,10/31/15,03:30:00 PM,,No,,,,,,
923,9,Florida Intl,Florida Atlantic,10/31/15,03:30:00 PM,,No,,,,,,
924,9,Florida,Georgia,10/31/15,03:30:00 PM,,No,,,,,,
925,9,Alabama A&M;,Alabama State,10/31/15,03:30:00 PM,,No,,,,,,
926,9,Bucknell,Lafayette,10/31/15,03:30:00 PM,,No,,,,,,
927,9,Cornell,Princeton,10/31/15,03:30:00 PM,,No,,,,,,
928,9,Northwestern State,Nicholls State,10/31/15,04:00:00 PM,,No,,,,,,
929,9,Incarnate Word,Stephen F Austin,10/31/15,04:00:00 PM,,No,,,,,,
930,9,Delaware,Towson,10/31/15,04:00:00 PM,,No,,,,,,
932,10,Northern Illinois,Toledo,11/03/15,08:00:00 PM,,No,,,,,,
934,10,Ohio,Bowling Green,11/04/15,08:00:00 PM,,No,,,,,,
936,10,Buffalo,Kent State,11/05/15,07:30:00 PM,,No,,,,,,
937,10,Ball State,Western Michigan,11/05/15,07:30:00 PM,,No,,,,,,
938,10,Arkansas State,Appalachian State,11/05/15,07:30:00 PM,,No,,,,,,
939,10,Baylor,Kansas State,11/05/15,07:30:00 PM,,No,,,,,,
940,10,Mississippi State,Missouri,11/05/15,09:00:00 PM,,No,,,,,,
941,10,Nevada,Fresno State,11/05/15,10:30:00 PM,,No,,,,,,
943,10,Rice,UTEP,11/06/15,08:00:00 PM,,No,,,,,,
944,10,Temple,SMU,11/06/15,08:00:00 PM,,No,,,,,,
945,10,Cornell,Dartmouth,11/06/15,08:00:00 PM,,No,,,,,,
946,10,BYU,San José State,11/06/15,11:30:00 PM,,No,,,,,,
948,10,Louisiana Lafayette,Georgia State,11/07/15,,,No,,,,,,
949,10,Idaho,South Alabama,11/07/15,,,No,,,,,,
950,10,Louisiana Monroe,Troy,11/07/15,,,No,,,,,,
951,10,New Mexico State,Texas State,11/07/15,,,No,,,,,,
952,10,Eastern Michigan,Miami (OH),11/07/15,,,No,,,,,,
953,10,Akron,Massachusetts,11/07/15,,,No,,,,,,
954,10,South Florida,East Carolina,11/07/15,,,No,,,,,,
955,10,Cincinnati,Houston,11/07/15,,,No,,,,,,
956,10,Navy,Memphis,11/07/15,,,No,,,,,,
957,10,Connecticut,Tulane,11/07/15,,,No,,,,,,
958,10,UCF,Tulsa,11/07/15,,,No,,,,,,
959,10,Colorado State,Wyoming,11/07/15,,,No,,,,,,
960,10,Marshall,Middle Tennessee,11/07/15,,,No,,,,,,
961,10,Florida Atlantic,Western Kentucky,11/07/15,,,No,,,,,,
962,10,Rutgers,Michigan,11/07/15,,,No,,,,,,
963,10,Michigan State,Nebraska,11/07/15,,,No,,,,,,
964,10,Penn State,Northwestern,11/07/15,,,No,,,,,,
965,10,Minnesota,Ohio State,11/07/15,,,No,,,,,,
966,10,NC State,Boston College,11/07/15,,,No,,,,,,
967,10,Florida State,Clemson,11/07/15,,,No,,,,,,
968,10,Duke,North Carolina,11/07/15,,,No,,,,,,
969,10,Syracuse,Louisville,11/07/15,,,No,,,,,,
970,10,Virginia,Miami (FL),11/07/15,,,No,,,,,,
971,10,Notre Dame,Pittsburgh,11/07/15,,,No,,,,,,
972,10,Arizona,USC,11/07/15,,,No,,,,,,
973,10,Arizona State,Washington State,11/07/15,,,No,,,,,,
974,10,UCLA,Oregon State,11/07/15,,,No,,,,,,
975,10,Stanford,Colorado,11/07/15,,,No,,,,,,
976,10,Utah,Washington,11/07/15,,,No,,,,,,
977,10,California,Oregon,11/07/15,,,No,,,,,,
978,10,Army,Air Force,11/07/15,,,No,,,,,,
979,10,Iowa State,Oklahoma,11/07/15,,,No,,,,,,
980,10,TCU,Oklahoma State,11/07/15,,,No,,,,,,
981,10,Kansas,Texas,11/07/15,,,No,,,,,,
982,10,Texas Tech,West Virginia,11/07/15,,,No,,,,,,
983,10,Iowa,Indiana,11/07/15,,,No,,,,,,
984,10,LSU,Alabama,11/07/15,,,No,,,,,,
985,10,Vanderbilt,Florida,11/07/15,,,No,,,,,,
986,10,Kentucky,Georgia,11/07/15,,,No,,,,,,
987,10,Arkansas,Ole Miss,11/07/15,,,No,,,,,,
988,10,South Carolina,Tennessee,11/07/15,,,No,,,,,,
989,10,Auburn,Texas A&M;,11/07/15,,,No,,,,,,
990,10,Illinois,Purdue,11/07/15,12:00:00 PM,,No,,,,,,
991,10,Charlotte,Florida Intl,11/07/15,12:00:00 PM,,No,,,,,,
992,10,East Tennessee State,Robert Morris,11/07/15,12:00:00 PM,,No,,,,,,
993,10,Albany,Delaware,11/07/15,12:00:00 PM,,No,,,,,,
994,10,William & Mary,Elon,11/07/15,12:00:00 PM,,No,,,,,,
995,10,Princeton,Penn,11/07/15,12:00:00 PM,,No,,,,,,
996,10,St Francis (PA),Central Connecticut,11/07/15,12:00:00 PM,,No,,,,,,
997,10,Duquesne,Sacred Heart,11/07/15,12:00:00 PM,,No,,,,,,
998,10,Bryant,Wagner,11/07/15,12:00:00 PM,,No,,,,,,
999,10,Holy Cross,Lehigh,11/07/15,12:30:00 PM,,No,,,,,,
1000,10,Brown,Yale,11/07/15,12:30:00 PM,,No,,,,,,
1001,10,Villanova,Rhode Island,11/07/15,12:30:00 PM,,No,,,,,,
1002,10,Charleston Southern,Kennesaw State,11/07/15,01:00:00 PM,,No,,,,,,
1003,10,Howard,Stony Brook,11/07/15,01:00:00 PM,,No,,,,,,
1004,10,Tennessee-Martin,Eastern Kentucky,11/07/15,01:00:00 PM,,No,,,,,,
1005,10,Harvard,Columbia,11/07/15,01:00:00 PM,,No,,,,,,
1006,10,Bucknell,Fordham,11/07/15,01:00:00 PM,,No,,,,,,
1007,10,Colgate,Lafayette,11/07/15,01:00:00 PM,,No,,,,,,
1008,10,Valparaiso,Butler,11/07/15,01:00:00 PM,,No,,,,,,
1009,10,Davidson,Jacksonville,11/07/15,01:00:00 PM,,No,,,,,,
1010,10,Stetson,Marist,11/07/15,01:00:00 PM,,No,,,,,,
1011,10,Dayton,Morehead State,11/07/15,01:00:00 PM,,No,,,,,,
1012,10,Florida A&M;,Hampton,11/07/15,01:00:00 PM,,No,,,,,,
1013,10,North Carolina A&T;,South Carolina State,11/07/15,01:30:00 PM,,No,,,,,,
1014,10,VMI,The Citadel,11/07/15,02:00:00 PM,,No,,,,,,
1015,10,Delaware State,North Carolina Central,11/07/15,02:00:00 PM,,No,,,,,,
1016,10,Savannah State,Norfolk State,11/07/15,02:00:00 PM,,No,,,,,,
1017,10,Jacksonville State,Eastern Illinois,11/07/15,02:00:00 PM,,No,,,,,,
1018,10,Mississippi Valley State,Alabama A&M;,11/07/15,02:00:00 PM,,No,,,,,,
1019,10,Southern Illinois,South Dakota,11/07/15,02:00:00 PM,,No,,,,,,
1020,10,Missouri State,Youngstown State,11/07/15,02:00:00 PM,,No,,,,,,
1021,10,Portland State,Northern Colorado,11/07/15,02:00:00 PM,,No,,,,,,
1022,10,UC Davis,Weber State,11/07/15,02:00:00 PM,,No,,,,,,
1023,10,Southern Utah,Montana State,11/07/15,03:00:00 PM,,No,,,,,,
1024,10,Illinois State,South Dakota State,11/07/15,03:00:00 PM,,No,,,,,,
1025,10,Richmond,New Hampshire,11/07/15,03:00:00 PM,,No,,,,,,
1026,10,Prairie View A&M;,Alcorn State,11/07/15,03:00:00 PM,,No,,,,,,
1027,10,Texas Southern,Grambling State,11/07/15,03:00:00 PM,,No,,,,,,
1028,10,Clark Atlanta,Samford,11/07/15,03:00:00 PM,,No,,,,,,
1029,10,Campbell,San Diego,11/07/15,03:00:00 PM,,No,,,,,,
1030,10,Furman,Western Carolina,11/07/15,03:30:00 PM,,No,,,,,,
1031,10,Murray State,Tennessee State,11/07/15,03:30:00 PM,,No,,,,,,
1032,10,Southern,Arkansas-Pine Bluff,11/07/15,03:30:00 PM,,No,,,,,,
1033,10,Gardner-Webb,Coastal Carolina,11/07/15,03:30:00 PM,,No,,,,,,
1034,10,Presbyterian College,Liberty,11/07/15,03:30:00 PM,,No,,,,,,
1035,10,Western Illinois,North Dakota State,11/07/15,03:30:00 PM,,No,,,,,,
1037,11,Kent State,Ohio,11/10/15,08:00:00 PM,,No,,,,,,
1038,11,Toledo,Central Michigan,11/10/15,08:00:00 PM,,No,,,,,,
1040,11,Northern Illinois,Buffalo,11/11/15,08:00:00 PM,,No,,,,,,
1041,11,Bowling Green,Western Michigan,11/11/15,08:00:00 PM,,No,,,,,,
1043,11,Louisiana Lafayette,South Alabama,11/12/15,07:30:00 PM,,No,,,,,,
1044,11,Virginia Tech,Georgia Tech,11/12/15,07:30:00 PM,,No,,,,,,
1046,11,USC,Colorado,11/13/15,09:00:00 PM,,No,,,,,,
1048,11,Utah,Arizona,11/14/15,,,No,,,,,,
1049,11,Washington,Arizona State,11/14/15,,,No,,,,,,
1050,11,Washington State,UCLA,11/14/15,,,No,,,,,,
1051,11,Oregon,Stanford,11/14/15,,,No,,,,,,
1052,11,Oregon State,California,11/14/15,,,No,,,,,,
1053,11,Maryland,Michigan State,11/14/15,,,No,,,,,,
1054,11,Purdue,Northwestern,11/14/15,,,No,,,,,,
1055,11,Nebraska,Rutgers,11/14/15,,,No,,,,,,
1056,11,Texas San Antonio,Charlotte,11/14/15,,,No,,,,,,
1057,11,Florida Intl,Marshall,11/14/15,,,No,,,,,,
1058,11,UTEP,Old Dominion,11/14/15,,,No,,,,,,
1059,11,Tulsa,Cincinnati,11/14/15,,,No,,,,,,
1060,11,Memphis,Houston,11/14/15,,,No,,,,,,
1061,11,Temple,South Florida,11/14/15,,,No,,,,,,
1062,11,BYU,Missouri,11/14/15,,,No,,,,,,
1063,11,Utah State,Air Force,11/14/15,,,No,,,,,,
1064,11,New Mexico,Boise State,11/14/15,,,No,,,,,,
1065,11,Clemson,Syracuse,11/14/15,,,No,,,,,,
1066,11,Pittsburgh,Duke,11/14/15,,,No,,,,,,
1067,11,NC State,Florida State,11/14/15,,,No,,,,,,
1068,11,Virginia,Louisville,11/14/15,,,No,,,,,,
1069,11,Miami (FL),North Carolina,11/14/15,,,No,,,,,,
1070,11,Georgia,Auburn,11/14/15,,,No,,,,,,
1071,11,Arkansas,LSU,11/14/15,,,No,,,,,,
1072,11,Alabama,Mississippi State,11/14/15,,,No,,,,,,
1073,11,Florida,South Carolina,11/14/15,,,No,,,,,,
1074,11,North Texas,Tennessee,11/14/15,,,No,,,,,,
1075,11,Western Carolina,Texas A&M;,11/14/15,,,No,,,,,,
1076,11,Kentucky,Vanderbilt,11/14/15,,,No,,,,,,
1077,11,Oklahoma,Baylor,11/14/15,,,No,,,,,,
1078,11,Oklahoma State,Iowa State,11/14/15,,,No,,,,,,
1079,11,Kansas,TCU,11/14/15,,,No,,,,,,
1080,11,Kansas State,Texas Tech,11/14/15,,,No,,,,,,
1081,11,Texas,West Virginia,11/14/15,,,No,,,,,,
1082,11,Ohio State,Illinois,11/14/15,,,No,,,,,,
1083,11,Michigan,Indiana,11/14/15,,,No,,,,,,
1084,11,Appalachian State,Idaho,11/14/15,,,No,,,,,,
1085,11,Akron,Miami (OH),11/14/15,,,No,,,,,,
1086,11,Massachusetts,Eastern Michigan,11/14/15,,,No,,,,,,
1087,11,Georgia Southern,Troy,11/14/15,,,No,,,,,,
1088,11,Georgia State,Texas State,11/14/15,,,No,,,,,,
1089,11,Northwestern State,Sam Houston State,11/14/15,,,No,,,,,,
1090,11,San Diego,Davidson,11/14/15,12:00:00 PM,,No,,,,,,
1091,11,Sacred Heart,Bryant,11/14/15,12:00:00 PM,,No,,,,,,
1092,11,Robert Morris,St Francis (PA),11/14/15,12:00:00 PM,,No,,,,,,
1093,11,Central Connecticut,Wagner,11/14/15,12:00:00 PM,,No,,,,,,
1094,11,Fordham,Georgetown,11/14/15,12:00:00 PM,,No,,,,,,
1095,11,Penn,Harvard,11/14/15,12:00:00 PM,,No,,,,,,
1096,11,Presbyterian College,Monmouth,11/14/15,12:00:00 PM,,No,,,,,,
1097,11,Middle Tennessee,Florida Atlantic,11/14/15,12:00:00 PM,,No,,,,,,
1098,11,Tulane,Army,11/14/15,12:00:00 PM,,No,,,,,,
1099,11,Stony Brook,Rhode Island,11/14/15,12:30:00 PM,,No,,,,,,
1100,11,Elon,Maine,11/14/15,12:30:00 PM,,No,,,,,,
1101,11,Dartmouth,Brown,11/14/15,12:30:00 PM,,No,,,,,,
1102,11,Columbia,Cornell,11/14/15,12:30:00 PM,,No,,,,,,
1103,11,Yale,Princeton,11/14/15,01:00:00 PM,,No,,,,,,
1104,11,Lehigh,Colgate,11/14/15,01:00:00 PM,,No,,,,,,
1105,11,Holy Cross,Bucknell,11/14/15,01:00:00 PM,,No,,,,,,
1106,11,North Carolina Central,Howard,11/14/15,01:00:00 PM,,No,,,,,,
1107,11,Florida A&M;,Morgan State,11/14/15,01:00:00 PM,,No,,,,,,
1108,11,South Carolina State,Norfolk State,11/14/15,01:00:00 PM,,No,,,,,,
1109,11,Delaware State,North Carolina A&T;,11/14/15,01:00:00 PM,,No,,,,,,
1110,11,Hampton,Savannah State,11/14/15,01:00:00 PM,,No,,,,,,
1111,11,Drake,Butler,11/14/15,01:00:00 PM,,No,,,,,,
1112,11,Jacksonville,Campbell,11/14/15,01:00:00 PM,,No,,,,,,
1113,11,Marist,Dayton,11/14/15,01:00:00 PM,,No,,,,,,
1114,11,Western Illinois,Indiana State,11/14/15,01:05:00 PM,,No,,,,,,
1115,11,Towson,William & Mary,11/14/15,01:30:00 PM,,No,,,,,,
1116,11,East Tennessee State,Gardner-Webb,11/14/15,01:30:00 PM,,No,,,,,,
1117,11,Mercer,Furman,11/14/15,01:30:00 PM,,No,,,,,,
1118,11,Samford,Wofford,11/14/15,01:30:00 PM,,No,,,,,,
1119,11,The Citadel,Chattanooga,11/14/15,02:00:00 PM,,No,,,,,,
1120,11,Alcorn State,Texas Southern,11/14/15,02:00:00 PM,,No,,,,,,
1121,11,Morehead State,Valparaiso,11/14/15,02:00:00 PM,,No,,,,,,
1122,11,Liberty,Charleston Southern,11/14/15,02:00:00 PM,,No,,,,,,
1123,11,Kennesaw State,Coastal Carolina,11/14/15,02:00:00 PM,,No,,,,,,
1124,11,Northern Colorado,North Dakota,11/14/15,02:00:00 PM,,No,,,,,,
1125,11,North Dakota State,Youngstown State,11/14/15,02:00:00 PM,,No,,,,,,
1126,11,South Dakota State,South Dakota,11/14/15,02:00:00 PM,,No,,,,,,
1127,11,Southeast Missouri State,Jacksonville State,11/14/15,02:00:00 PM,,No,,,,,,
1128,11,Eastern Kentucky,Murray State,11/14/15,02:00:00 PM,,No,,,,,,
1129,11,Austin Peay,Tennessee Tech,11/14/15,02:30:00 PM,,No,,,,,,
1130,11,Eastern Illinois,Tennessee-Martin,11/14/15,03:00:00 PM,,No,,,,,,
1131,11,Illinois State,Southern Illinois,11/14/15,03:00:00 PM,,No,,,,,,
1132,11,Northern Iowa,Missouri State,11/14/15,03:00:00 PM,,No,,,,,,
1133,11,Arkansas State,Louisiana Monroe,11/14/15,03:00:00 PM,,No,,,,,,
1134,11,Southeastern Louisiana,Abilene Christian,11/14/15,03:00:00 PM,,No,,,,,,
1135,11,Lamar,Incarnate Word,11/14/15,03:00:00 PM,,No,,,,,,
1136,11,Ave Maria,Stetson,11/14/15,03:00:00 PM,,No,,,,,,
1137,11,Prairie View A&M;,Alabama State,11/14/15,03:00:00 PM,,No,,,,,,
1138,11,Eastern Washington,Montana,11/14/15,03:05:00 PM,,No,,,,,,
1139,11,James Madison,Delaware,11/14/15,03:30:00 PM,,No,,,,,,
1140,11,Richmond,Villanova,11/14/15,03:30:00 PM,,No,,,,,,
1142,12,Ball State,Ohio,11/17/15,,,No,,,,,,
1143,12,Toledo,Bowling Green,11/17/15,,,No,,,,,,
1145,12,Central Michigan,Kent State,11/18/15,08:00:00 PM,,No,,,,,,
1146,12,Western Michigan,Northern Illinois,11/18/15,08:00:00 PM,,No,,,,,,
1148,12,Nicholls State,Southeastern Louisiana,11/19/15,07:00:00 PM,,No,,,,,,
1149,12,Coastal Carolina,Liberty,11/19/15,07:30:00 PM,,No,,,,,,
1150,12,East Carolina,UCF,11/19/15,07:30:00 PM,,No,,,,,,
1151,12,Louisiana Monroe,Texas State,11/19/15,09:30:00 PM,,No,,,,,,
1153,12,Brown,Columbia,11/20/15,07:30:00 PM,,No,,,,,,
1154,12,Cincinnati,South Florida,11/20/15,08:00:00 PM,,No,,,,,,
1155,12,Air Force,Boise State,11/20/15,09:30:00 PM,,No,,,,,,
1157,12,South Alabama,Georgia State,11/21/15,,,No,,,,,,
1158,12,New Mexico State,Louisiana Lafayette,11/21/15,,,No,,,,,,
1159,12,UC Davis,Sacramento State,11/21/15,,,No,,,,,,
1160,12,Miami (OH),Massachusetts,11/21/15,,,No,,,,,,
1161,12,Buffalo,Akron,11/21/15,,,No,,,,,,
1162,12,Fresno State,BYU,11/21/15,,,No,,,,,,
1163,12,Nevada,Utah State,11/21/15,,,No,,,,,,
1164,12,Kentucky Wesleyan,East Tennessee State,11/21/15,,,No,,,,,,
1165,12,Southern Illinois,Northern Iowa,11/21/15,,,No,,,,,,
1166,12,Houston,Connecticut,11/21/15,,,No,,,,,,
1167,12,Louisiana Tech,UTEP,11/21/15,,,No,,,,,,
1168,12,Memphis,Temple,11/21/15,,,No,,,,,,
1169,12,Navy,Tulsa,11/21/15,,,No,,,,,,
1170,12,West Virginia,Kansas,11/21/15,,,No,,,,,,
1171,12,Iowa State,Kansas State,11/21/15,,,No,,,,,,
1172,12,TCU,Oklahoma,11/21/15,,,No,,,,,,
1173,12,Baylor,Oklahoma State,11/21/15,,,No,,,,,,
1174,12,Purdue,Iowa,11/21/15,,,No,,,,,,
1175,12,Indiana,Maryland,11/21/15,,,No,,,,,,
1176,12,Illinois,Minnesota,11/21/15,,,No,,,,,,
1177,12,Michigan State,Ohio State,11/21/15,,,No,,,,,,
1178,12,Michigan,Penn State,11/21/15,,,No,,,,,,
1179,12,Northwestern,Wisconsin,11/21/15,,,No,,,,,,
1180,12,Western Kentucky,Florida Intl,11/21/15,,,No,,,,,,
1181,12,Charleston Southern,Alabama,11/21/15,,,No,,,,,,
1182,12,Mississippi State,Arkansas,11/21/15,,,No,,,,,,
1183,12,Idaho,Auburn,11/21/15,,,No,,,,,,
1184,12,Florida Atlantic,Florida,11/21/15,,,No,,,,,,
1185,12,Georgia Southern,Georgia,11/21/15,,,No,,,,,,
1186,12,Charlotte,Kentucky,11/21/15,,,No,,,,,,
1187,12,Tennessee,Missouri,11/21/15,,,No,,,,,,
1188,12,LSU,Ole Miss,11/21/15,,,No,,,,,,
1189,12,The Citadel,South Carolina,11/21/15,,,No,,,,,,
1190,12,Texas A&M;,Vanderbilt,11/21/15,,,No,,,,,,
1191,12,Wake Forest,Clemson,11/21/15,,,No,,,,,,
1192,12,Duke,Virginia,11/21/15,,,No,,,,,,
1193,12,Chattanooga,Florida State,11/21/15,,,No,,,,,,
1194,12,Georgia Tech,Miami (FL),11/21/15,,,No,,,,,,
1195,12,Louisville,Pittsburgh,11/21/15,,,No,,,,,,
1196,12,North Carolina,Virginia Tech,11/21/15,,,No,,,,,,
1197,12,Syracuse,NC State,11/21/15,,,No,,,,,,
1198,12,Arizona,Arizona State,11/21/15,,,No,,,,,,
1199,12,USC,Oregon,11/21/15,,,No,,,,,,
1200,12,UCLA,Utah,11/21/15,,,No,,,,,,
1201,12,Colorado,Washington State,11/21/15,,,No,,,,,,
1202,12,Washington,Oregon State,11/21/15,,,No,,,,,,
1203,12,California,Stanford,11/21/15,,,No,,,,,,
1204,12,Samford,Mercer,11/21/15,,,No,,,,,,
1205,12,Princeton,Dartmouth,11/21/15,12:00:00 PM,,No,,,,,,
1206,12,St Francis (PA),Duquesne,11/21/15,12:00:00 PM,,No,,,,,,
1207,12,Bryant,Robert Morris,11/21/15,12:00:00 PM,,No,,,,,,
1208,12,Wagner,Sacred Heart,11/21/15,12:00:00 PM,,No,,,,,,
1209,12,Rutgers,Army,11/21/15,12:00:00 PM,,No,,,,,,
1210,12,North Texas,Middle Tennessee,11/21/15,12:00:00 PM,,No,,,,,,
1211,12,Delaware,Elon,11/21/15,12:00:00 PM,,No,,,,,,
1212,12,Villanova,James Madison,11/21/15,12:00:00 PM,,No,,,,,,
1213,12,William & Mary,Richmond,11/21/15,12:00:00 PM,,No,,,,,,
1214,12,Georgetown,Holy Cross,11/21/15,12:05:00 PM,,No,,,,,,
1215,12,Lafayette,Lehigh,11/21/15,12:30:00 PM,,No,,,,,,
1216,12,Cornell,Penn,11/21/15,01:00:00 PM,,No,,,,,,
1217,12,Bucknell,Colgate,11/21/15,01:00:00 PM,,No,,,,,,
1218,12,Norfolk State,Morgan State,11/21/15,01:00:00 PM,,No,,,,,,
1219,12,North Carolina Central,North Carolina A&T;,11/21/15,01:00:00 PM,,No,,,,,,
1220,12,South Carolina State,Savannah State,11/21/15,01:00:00 PM,,No,,,,,,
1221,12,Valparaiso,Jacksonville,11/21/15,01:00:00 PM,,No,,,,,,
1222,12,Morehead State,Marist,11/21/15,01:00:00 PM,,No,,,,,,
1223,12,Davidson,Stetson,11/21/15,01:00:00 PM,,No,,,,,,
1224,12,South Dakota,Illinois State,11/21/15,01:00:00 PM,,No,,,,,,
1225,12,Albany,Stony Brook,11/21/15,01:00:00 PM,,No,,,,,,
1226,12,Maine,New Hampshire,11/21/15,01:00:00 PM,,No,,,,,,
1227,12,Youngstown State,Indiana State,11/21/15,01:05:00 PM,,No,,,,,,
1228,12,Western Carolina,VMI,11/21/15,01:30:00 PM,,No,,,,,,
1229,12,Monmouth,Gardner-Webb,11/21/15,01:30:00 PM,,No,,,,,,
1230,12,Kennesaw State,Presbyterian College,11/21/15,02:00:00 PM,,No,,,,,,
1231,12,South Dakota State,Western Illinois,11/21/15,02:00:00 PM,,No,,,,,,
1232,12,Rhode Island,Towson,11/21/15,02:00:00 PM,,No,,,,,,
1233,12,Eastern Kentucky,Eastern Illinois,11/21/15,02:00:00 PM,,No,,,,,,
1234,12,Murray State,Jacksonville State,11/21/15,02:00:00 PM,,No,,,,,,
1235,12,Tennessee-Martin,Southeast Missouri State,11/21/15,02:00:00 PM,,No,,,,,,
1236,12,Abilene Christian,Northern Colorado,11/21/15,02:00:00 PM,,No,,,,,,
1237,12,Montana,Montana State,11/21/15,02:00:00 PM,,No,,,,,,
1238,12,Arkansas-Pine Bluff,Mississippi Valley State,11/21/15,02:00:00 PM,,No,,,,,,
1239,12,Jackson State,Prairie View A&M;,11/21/15,02:00:00 PM,,No,,,,,,
1240,12,Howard,Delaware State,11/21/15,02:00:00 PM,,No,,,,,,
1241,12,Dayton,Drake,11/21/15,02:00:00 PM,,No,,,,,,
1242,12,Florida A&M;,Bethune-Cookman,11/21/15,02:30:00 PM,,No,,,,,,
1243,12,Harvard,Yale,11/21/15,02:30:00 PM,,No,,,,,,
1244,12,Alabama A&M;,Alcorn State,11/21/15,03:00:00 PM,,No,,,,,,
1245,12,Miles,Alabama State,11/21/15,03:00:00 PM,,No,,,,,,
1247,13,Bowling Green,Ball State,11/24/15,07:30:00 PM,,No,,,,,,
1248,13,Ohio,Northern Illinois,11/24/15,07:30:00 PM,,No,,,,,,
1250,13,South Florida,UCF,11/26/15,07:30:00 PM,,No,,,,,,
1251,13,Texas Tech,Texas,11/26/15,07:30:00 PM,,No,,,,,,
1253,13,Navy,Houston,11/27/15,,,No,,,,,,
1254,13,Iowa,Nebraska,11/27/15,,,No,,,,,,
1255,13,Miami (FL),Pittsburgh,11/27/15,,,No,,,,,,
1256,13,Washington State,Washington,11/27/15,,,No,,,,,,
1257,13,Tulsa,Tulane,11/27/15,,,No,,,,,,
1258,13,Western Michigan,Toledo,11/27/15,,,No,,,,,,
1259,13,Eastern Michigan,Central Michigan,11/27/15,,,No,,,,,,
1260,13,Massachusetts,Buffalo,11/27/15,,,No,,,,,,
1261,13,Kent State,Akron,11/27/15,,,No,,,,,,
1262,13,Troy,Georgia State,11/27/15,,,No,,,,,,
1263,13,Marshall,Western Kentucky,11/27/15,12:00:00 PM,,No,,,,,,
1264,13,Missouri,Arkansas,11/27/15,02:30:00 PM,,No,,,,,,
1265,13,Oregon State,Oregon,11/27/15,03:30:00 PM,,No,,,,,,
1266,13,Boise State,San José State,11/27/15,03:30:00 PM,,No,,,,,,
1267,13,Baylor,TCU,11/27/15,07:30:00 PM,,No,,,,,,
1269,13,Kansas State,Kansas,11/28/15,,,No,,,,,,
1270,13,Oklahoma,Oklahoma State,11/28/15,,,No,,,,,,
1271,13,Iowa State,West Virginia,11/28/15,,,No,,,,,,
1272,13,Northwestern,Illinois,11/28/15,,,No,,,,,,
1273,13,Ohio State,Michigan,11/28/15,,,No,,,,,,
1274,13,Penn State,Michigan State,11/28/15,,,No,,,,,,
1275,13,Wisconsin,Minnesota,11/28/15,,,No,,,,,,
1276,13,Indiana,Purdue,11/28/15,,,No,,,,,,
1277,13,Maryland,Rutgers,11/28/15,,,No,,,,,,
1278,13,Southern Mississippi,Louisiana Tech,11/28/15,,,No,,,,,,
1279,13,UTEP,North Texas,11/28/15,,,No,,,,,,
1280,13,Alabama,Auburn,11/28/15,,,No,,,,,,
1281,13,Florida State,Florida,11/28/15,,,No,,,,,,
1282,13,Georgia,Georgia Tech,11/28/15,,,No,,,,,,
1283,13,Louisville,Kentucky,11/28/15,,,No,,,,,,
1284,13,Texas A&M;,LSU,11/28/15,,,No,,,,,,
1285,13,Ole Miss,Mississippi State,11/28/15,,,No,,,,,,
1286,13,Clemson,South Carolina,11/28/15,,,No,,,,,,
1287,13,Vanderbilt,Tennessee,11/28/15,,,No,,,,,,
1288,13,Arizona State,California,11/28/15,,,No,,,,,,
1289,13,UCLA,USC,11/28/15,,,No,,,,,,
1290,13,Colorado,Utah,11/28/15,,,No,,,,,,
1291,13,Notre Dame,Stanford,11/28/15,,,No,,,,,,
1292,13,Boston College,Syracuse,11/28/15,,,No,,,,,,
1293,13,Duke,Wake Forest,11/28/15,,,No,,,,,,
1294,13,North Carolina,NC State,11/28/15,,,No,,,,,,
1295,13,Virginia Tech,Virginia,11/28/15,,,No,,,,,,
1296,13,Nevada,San Diego State,11/28/15,,,No,,,,,,
1297,13,Louisiana Lafayette,Appalachian State,11/28/15,,,No,,,,,,
1298,13,Arkansas State,New Mexico State,11/28/15,,,No,,,,,,
1299,13,Air Force,New Mexico,11/28/15,,,No,,,,,,
1300,13,Cincinnati,East Carolina,11/28/15,,,No,,,,,,
1301,13,SMU,Memphis,11/28/15,,,No,,,,,,
1302,13,Connecticut,Temple,11/28/15,,,No,,,,,,
1303,13,Florida Atlantic,Old Dominion,11/28/15,12:00:00 PM,,No,,,,,,
1304,13,South Alabama,Georgia Southern,11/28/15,02:00:00 PM,,No,,,,,,
1305,13,UNLV,Wyoming,11/28/15,02:00:00 PM,,No,,,,,,
1306,13,Texas Southern,Alabama A&M;,11/28/15,02:00:00 PM,,No,,,,,,
1307,13,Middle Tennessee,Texas San Antonio,11/28/15,02:30:00 PM,,No,,,,,,
1308,13,Alcorn State,Jackson State,11/28/15,03:00:00 PM,,No,,,,,,
1309,13,BYU,Utah State,11/28/15,03:30:00 PM,,No,,,,,,
1310,13,Charlotte,Rice,11/28/15,03:30:00 PM,,No,,,,,,
1311,13,Southern,Grambling State,11/28/15,05:00:00 PM,,No,,,,,,
1312,13,Texas State,Idaho,11/28/15,05:00:00 PM,,No,,,,,,
1313,13,Colorado State,Fresno State,11/28/15,09:00:00 PM,,No,,,,,,
1314,13,Louisiana Monroe,Hawaii,11/28/15,11:59:00 PM,,No,,,,,,
1316,14,Texas,Baylor,12/05/15,,,No,,,,,,
1317,14,West Virginia,Kansas State,12/05/15,,,No,,,,,,
1318,14,Appalachian State,South Alabama,12/05/15,,,No,,,,,,
1319,14,Texas State,Arkansas State,12/05/15,,,No,,,,,,
1320,14,Troy,Louisiana Lafayette,12/05/15,,,No,,,,,,
1321,14,Georgia State,Georgia Southern,12/05/15,02:00:00 PM,,No,,,,,,
1322,14,New Mexico State,Louisiana Monroe,12/05/15,03:00:00 PM,,No,,,,,,
1324,15,Army,Navy,12/12/15,03:00:00 PM,,No,,,,,,
