2,1,Hawaii,California,08/26/16,10:00:00 PM,,No,,,,,,
4,1,Presbyterian College,Central Michigan,09/01/16,07:00:00 PM,,No,,,,,,
5,1,Charlotte,Louisville,09/01/16,07:00:00 PM,,No,,,,,,
6,1,Tulane,Wake Forest,09/01/16,07:00:00 PM,,No,,,,,,
7,1,Tennessee-Martin,Cincinnati,09/01/16,07:00:00 PM,,No,,,,,,
8,1,Maine,Connecticut,09/01/16,07:00:00 PM,,No,,,,,,
9,1,William & Mary,NC State,09/01/16,07:30:00 PM,,No,,,,,,
10,1,Indiana,Florida Intl,09/01/16,07:30:00 PM,,No,,,,,,
11,1,Appalachian State,Tennessee,09/01/16,07:30:00 PM,,No,,,,,,
12,1,South Carolina,Vanderbilt,09/01/16,08:00:00 PM,,No,,,,,,
13,1,Southern Utah,Utah,09/01/16,08:00:00 PM,,No,,,,,,
14,1,Weber State,Utah State,09/01/16,08:00:00 PM,,No,,,,,,
15,1,Rice,Western Kentucky,09/01/16,08:00:00 PM,,No,,,,,,
16,1,Oregon State,Minnesota,09/01/16,09:00:00 PM,,No,,,,,,
17,1,South Dakota,New Mexico,09/01/16,09:00:00 PM,,No,,,,,,
18,1,Montana State,Idaho,09/01/16,09:00:00 PM,,No,,,,,,
19,1,Jackson State,UNLV,09/01/16,10:00:00 PM,,No,,,,,,
21,1,Ball State,Georgia State,09/02/16,,,No,,,,,,
22,1,Mississippi Valley State,Eastern Michigan,09/02/16,06:00:00 PM,,No,,,,,,
23,1,Albany,Buffalo,09/02/16,07:00:00 PM,,No,,,,,,
24,1,Colgate,Syracuse,09/02/16,07:00:00 PM,,No,,,,,,
25,1,Army,Temple,09/02/16,07:00:00 PM,,No,,,,,,
26,1,Furman,Michigan State,09/02/16,07:00:00 PM,,No,,,,,,
27,1,Northwestern State,Baylor,09/02/16,07:30:00 PM,,No,,,,,,
28,1,Colorado State,Colorado,09/02/16,08:00:00 PM,,No,,,,,,
29,1,Kansas State,Stanford,09/02/16,09:00:00 PM,,No,,,,,,
30,1,Toledo,Arkansas State,09/02/16,09:00:00 PM,,No,,,,,,
31,1,Cal Poly,Nevada,09/02/16,09:30:00 PM,,No,,,,,,
33,1,Boise State,Louisiana Lafayette,09/03/16,,,No,,,,,,
34,1,Southern Illinois,Florida Atlantic,09/03/16,,,No,,,,,,
35,1,Hampton,Old Dominion,09/03/16,,,No,,,,,,
36,1,Alabama State,Texas San Antonio,09/03/16,,,No,,,,,,
37,1,Austin Peay,Troy,09/03/16,,,No,,,,,,
38,1,Georgia Tech,Boston College,09/03/16,07:30:00 AM,,No,,,,,,
39,1,Oklahoma,Houston,09/03/16,12:00:00 PM,,No,,,,,,
40,1,Fordham,Navy,09/03/16,12:00:00 PM,,No,,,,,,
41,1,Eastern Kentucky,Purdue,09/03/16,12:00:00 PM,,No,,,,,,
42,1,Western Michigan,Northwestern,09/03/16,12:00:00 PM,,No,,,,,,
43,1,Bowling Green,Ohio State,09/03/16,12:00:00 PM,,No,,,,,,
44,1,Hawaii,Michigan,09/03/16,12:00:00 PM,,No,,,,,,
45,1,South Alabama,Mississippi State,09/03/16,12:00:00 PM,,No,,,,,,
46,1,Missouri,West Virginia,09/03/16,12:00:00 PM,,No,,,,,,
47,1,Howard,Maryland,09/03/16,12:00:00 PM,,No,,,,,,
48,1,Liberty,Virginia Tech,09/03/16,12:30:00 PM,,No,,,,,,
49,1,Villanova,Pittsburgh,09/03/16,01:30:00 PM,,No,,,,,,
50,1,Abilene Christian,Air Force,09/03/16,02:00:00 PM,,No,,,,,,
51,1,Rutgers,Washington,09/03/16,02:00:00 PM,,No,,,,,,
52,1,UCLA,Texas A&M;,09/03/16,03:30:00 PM,,No,,,,,,
53,1,LSU,Wisconsin,09/03/16,03:30:00 PM,,No,,,,,,
54,1,Richmond,Virginia,09/03/16,03:30:00 PM,,No,,,,,,
55,1,Kent State,Penn State,09/03/16,03:30:00 PM,,No,,,,,,
56,1,Miami (OH),Iowa,09/03/16,03:30:00 PM,,No,,,,,,
57,1,Texas State,Ohio,09/03/16,03:30:00 PM,,No,,,,,,
58,1,Murray State,Illinois,09/03/16,03:30:00 PM,,No,,,,,,
59,1,Southeastern Louisiana,Oklahoma State,09/03/16,03:30:00 PM,,No,,,,,,
60,1,Louisiana Tech,Arkansas,09/03/16,04:00:00 PM,,No,,,,,,
61,1,UC Davis,Oregon,09/03/16,05:00:00 PM,,No,,,,,,
62,1,Georgia,North Carolina,09/03/16,05:30:00 PM,,No,,,,,,
63,1,North Carolina Central,Duke,09/03/16,06:00:00 PM,,No,,,,,,
64,1,Western Carolina,East Carolina,09/03/16,06:00:00 PM,,No,,,,,,
65,1,Florida A&M;,Miami,09/03/16,06:00:00 PM,,No,,,,,,
66,1,Savannah State,Georgia Southern,09/03/16,06:00:00 PM,,No,,,,,,
67,1,VMI,Akron,09/03/16,06:30:00 PM,,No,,,,,,
68,1,San José State,Tulsa,09/03/16,07:00:00 PM,,No,,,,,,
69,1,Alabama A&M;,Middle Tennessee,09/03/16,07:00:00 PM,,No,,,,,,
70,1,SMU,North Texas,09/03/16,07:00:00 PM,,No,,,,,,
71,1,Towson,South Florida,09/03/16,07:00:00 PM,,No,,,,,,
72,1,South Carolina State,UCF,09/03/16,07:00:00 PM,,No,,,,,,
73,1,Rhode Island,Kansas,09/03/16,07:00:00 PM,,No,,,,,,
74,1,Southeast Missouri State,Memphis,09/03/16,07:00:00 PM,,No,,,,,,
75,1,Southern,Louisiana Monroe,09/03/16,07:00:00 PM,,No,,,,,,
76,1,Southern Mississippi,Kentucky,09/03/16,07:30:00 PM,,No,,,,,,
77,1,Massachusetts,Florida,09/03/16,07:30:00 PM,,No,,,,,,
78,1,USC,Alabama,09/03/16,08:00:00 PM,,No,,,,,,
79,1,Northern Iowa,Iowa State,09/03/16,08:00:00 PM,,No,,,,,,
80,1,Fresno State,Nebraska,09/03/16,08:00:00 PM,,No,,,,,,
81,1,Eastern Washington,Washington State,09/03/16,08:00:00 PM,,No,,,,,,
82,1,New Mexico State,UTEP,09/03/16,08:00:00 PM,,No,,,,,,
83,1,South Dakota State,TCU,09/03/16,08:00:00 PM,,No,,,,,,
84,1,Stephen F Austin,Texas Tech,09/03/16,08:00:00 PM,,No,,,,,,
85,1,New Hampshire,San Diego State,09/03/16,08:30:00 PM,,No,,,,,,
86,1,Clemson,Auburn,09/03/16,09:00:00 PM,,No,,,,,,
87,1,Arizona,BYU,09/03/16,10:30:00 PM,,No,,,,,,
88,1,Northern Illinois,Wyoming,09/03/16,10:30:00 PM,,No,,,,,,
89,1,Northern Arizona,Arizona State,09/03/16,10:45:00 PM,,No,,,,,,
91,1,Notre Dame,Texas,09/04/16,07:30:00 PM,,No,,,,,,
93,1,Ole Miss,Florida State,09/05/16,08:00:00 PM,,No,,,,,,
95,2,Maryland,Florida Intl,09/09/16,07:30:00 PM,,No,,,,,,
96,2,Louisville,Syracuse,09/09/16,08:00:00 PM,,No,,,,,,
98,2,Tennessee-Martin,Hawaii,09/10/16,,,No,,,,,,
99,2,Georgia Southern,South Alabama,09/10/16,,,No,,,,,,
100,2,McNeese State,Louisiana Lafayette,09/10/16,,,No,,,,,,
101,2,Wyoming,Nebraska,09/10/16,12:00:00 PM,,No,,,,,,
102,2,Prairie View A&M;,Texas A&M;,09/10/16,12:00:00 PM,,No,,,,,,
103,2,Rice,Army,09/10/16,12:00:00 PM,,No,,,,,,
104,2,Boston College,Massachusetts,09/10/16,12:00:00 PM,,No,,,,,,
105,2,Nicholls State,Georgia,09/10/16,12:00:00 PM,,No,,,,,,
106,2,NC State,East Carolina,09/10/16,12:00:00 PM,,No,,,,,,
107,2,Penn State,Pittsburgh,09/10/16,12:00:00 PM,,No,,,,,,
108,2,UCF,Michigan,09/10/16,12:00:00 PM,,No,,,,,,
109,2,Cincinnati,Purdue,09/10/16,12:00:00 PM,,No,,,,,,
110,2,Lamar,Houston,09/10/16,12:00:00 PM,,No,,,,,,
111,2,Howard,Rutgers,09/10/16,12:00:00 PM,,No,,,,,,
112,2,Indiana State,Minnesota,09/10/16,12:00:00 PM,,No,,,,,,
113,2,Central Michigan,Oklahoma State,09/10/16,12:00:00 PM,,No,,,,,,
114,2,Troy,Clemson,09/10/16,12:30:00 PM,,No,,,,,,
115,2,Charleston Southern,Florida State,09/10/16,12:30:00 PM,,No,,,,,,
116,2,Stony Brook,Temple,09/10/16,01:00:00 PM,,No,,,,,,
117,2,Youngstown State,West Virginia,09/10/16,02:00:00 PM,,No,,,,,,
118,2,Utah State,USC,09/10/16,02:00:00 PM,,No,,,,,,
119,2,Georgia State,Air Force,09/10/16,02:00:00 PM,,No,,,,,,
120,2,Ohio,Kansas,09/10/16,02:30:00 PM,,No,,,,,,
121,2,Mercer,Georgia Tech,09/10/16,03:00:00 PM,,No,,,,,,
122,2,Wake Forest,Duke,09/10/16,03:30:00 PM,,No,,,,,,
123,2,Connecticut,Navy,09/10/16,03:30:00 PM,,No,,,,,,
124,2,Illinois State,Northwestern,09/10/16,03:30:00 PM,,No,,,,,,
125,2,Tulsa,Ohio State,09/10/16,03:30:00 PM,,No,,,,,,
126,2,Old Dominion,Appalachian State,09/10/16,03:30:00 PM,,No,,,,,,
127,2,Eastern Illinois,Miami (OH),09/10/16,03:30:00 PM,,No,,,,,,
128,2,North Dakota,Bowling Green,09/10/16,03:30:00 PM,,No,,,,,,
129,2,Akron,Wisconsin,09/10/16,03:30:00 PM,,No,,,,,,
130,2,Nevada,Notre Dame,09/10/16,03:30:00 PM,,No,,,,,,
131,2,Kentucky,Florida,09/10/16,03:30:00 PM,,No,,,,,,
132,2,Western Kentucky,Alabama,09/10/16,03:30:00 PM,,No,,,,,,
133,2,SMU,Baylor,09/10/16,03:30:00 PM,,No,,,,,,
134,2,Wofford,Ole Miss,09/10/16,04:00:00 PM,,No,,,,,,
135,2,Ball State,Indiana,09/10/16,04:00:00 PM,,No,,,,,,
136,2,Texas San Antonio,Colorado State,09/10/16,04:00:00 PM,,No,,,,,,
137,2,Middle Tennessee,Vanderbilt,09/10/16,04:00:00 PM,,No,,,,,,
138,2,Portland State,San José State,09/10/16,04:30:00 PM,,No,,,,,,
139,2,Idaho,Washington,09/10/16,05:00:00 PM,,No,,,,,,
140,2,Idaho State,Colorado,09/10/16,05:30:00 PM,,No,,,,,,
141,2,North Carolina A&T;,Kent State,09/10/16,06:00:00 PM,,No,,,,,,
142,2,Morgan State,Marshall,09/10/16,06:00:00 PM,,No,,,,,,
143,2,Elon,Charlotte,09/10/16,06:00:00 PM,,No,,,,,,
144,2,Florida Atlantic,Miami,09/10/16,06:00:00 PM,,No,,,,,,
145,2,Louisiana Monroe,Oklahoma,09/10/16,07:00:00 PM,,No,,,,,,
146,2,South Carolina State,Louisiana Tech,09/10/16,07:00:00 PM,,No,,,,,,
147,2,Bethune-Cookman,North Texas,09/10/16,07:00:00 PM,,No,,,,,,
148,2,Savannah State,Southern Mississippi,09/10/16,07:00:00 PM,,No,,,,,,
149,2,UTEP,Texas,09/10/16,07:00:00 PM,,No,,,,,,
150,2,North Carolina Central,Western Michigan,09/10/16,07:00:00 PM,,No,,,,,,
151,2,Maine,Toledo,09/10/16,07:00:00 PM,,No,,,,,,
152,2,Northern Illinois,South Florida,09/10/16,07:00:00 PM,,No,,,,,,
153,2,South Carolina,Mississippi State,09/10/16,07:00:00 PM,,No,,,,,,
154,2,Arkansas,TCU,09/10/16,07:00:00 PM,,No,,,,,,
155,2,Arkansas State,Auburn,09/10/16,07:30:00 PM,,No,,,,,,
156,2,Iowa State,Iowa,09/10/16,07:30:00 PM,,No,,,,,,
157,2,BYU,Utah,09/10/16,07:30:00 PM,,No,,,,,,
158,2,Eastern Michigan,Missouri,09/10/16,07:30:00 PM,,No,,,,,,
159,2,Jacksonville State,LSU,09/10/16,07:30:00 PM,,No,,,,,,
160,2,North Carolina,Illinois,09/10/16,07:30:00 PM,,No,,,,,,
161,2,Southern,Tulane,09/10/16,08:00:00 PM,,No,,,,,,
162,2,Tennessee,Virginia Tech,09/10/16,08:00:00 PM,,No,,,,,,
163,2,UNLV,UCLA,09/10/16,08:00:00 PM,,No,,,,,,
164,2,New Mexico,New Mexico State,09/10/16,08:00:00 PM,,No,,,,,,
165,2,Sacramento State,Fresno State,09/10/16,10:00:00 PM,,No,,,,,,
166,2,Texas Tech,Arizona State,09/10/16,10:00:00 PM,,No,,,,,,
167,2,Washington State,Boise State,09/10/16,10:15:00 PM,,No,,,,,,
168,2,California,San Diego State,09/10/16,10:30:00 PM,,No,,,,,,
169,2,Virginia,Oregon,09/10/16,10:30:00 PM,,No,,,,,,
170,2,Grambling State,Arizona,09/10/16,10:45:00 PM,,No,,,,,,
172,3,Houston,Cincinnati,09/15/16,07:30:00 PM,,No,,,,,,
174,3,Baylor,Rice,09/16/16,08:00:00 PM,,No,,,,,,
175,3,Arkansas State,Utah State,09/16/16,09:00:00 PM,,No,,,,,,
176,3,Arizona State,Texas San Antonio,09/16/16,09:30:00 PM,,No,,,,,,
178,3,South Alabama,Louisiana Lafayette,09/17/16,,,No,,,,,,
179,3,North Dakota State,Iowa,09/17/16,12:00:00 PM,,No,,,,,,
180,3,Georgia State,Wisconsin,09/17/16,12:00:00 PM,,No,,,,,,
181,3,Miami,Appalachian State,09/17/16,12:00:00 PM,,No,,,,,,
182,3,Temple,Penn State,09/17/16,12:00:00 PM,,No,,,,,,
183,3,Kansas,Memphis,09/17/16,12:00:00 PM,,No,,,,,,
184,3,Middle Tennessee,Bowling Green,09/17/16,12:00:00 PM,,No,,,,,,
185,3,South Carolina State,Clemson,09/17/16,12:00:00 PM,,No,,,,,,
186,3,Florida State,Louisville,09/17/16,12:00:00 PM,,No,,,,,,
187,3,Ohio,Tennessee,09/17/16,12:00:00 PM,,No,,,,,,
188,3,Iowa State,TCU,09/17/16,12:00:00 PM,,No,,,,,,
189,3,Akron,Marshall,09/17/16,12:00:00 PM,,No,,,,,,
190,3,New Mexico,Rutgers,09/17/16,12:00:00 PM,,No,,,,,,
191,3,Vanderbilt,Georgia Tech,09/17/16,12:30:00 PM,,No,,,,,,
192,3,Virginia,Connecticut,09/17/16,01:30:00 PM,,No,,,,,,
193,3,North Carolina A&T;,Tulsa,09/17/16,02:00:00 PM,,No,,,,,,
194,3,Idaho,Washington State,09/17/16,02:00:00 PM,,No,,,,,,
195,3,Florida Atlantic,Kansas State,09/17/16,02:30:00 PM,,No,,,,,,
196,3,Eastern Kentucky,Ball State,09/17/16,03:00:00 PM,,No,,,,,,
197,3,UNLV,Central Michigan,09/17/16,03:00:00 PM,,No,,,,,,
198,3,Fresno State,Toledo,09/17/16,03:00:00 PM,,No,,,,,,
199,3,San Diego State,Northern Illinois,09/17/16,03:30:00 PM,,No,,,,,,
200,3,Colorado,Michigan,09/17/16,03:30:00 PM,,No,,,,,,
201,3,Oregon,Nebraska,09/17/16,03:30:00 PM,,No,,,,,,
202,3,Alabama,Ole Miss,09/17/16,03:30:00 PM,,No,,,,,,
203,3,Florida Intl,Massachusetts,09/17/16,03:30:00 PM,,No,,,,,,
204,3,Monmouth,Kent State,09/17/16,03:30:00 PM,,No,,,,,,
205,3,Western Kentucky,Miami (OH),09/17/16,03:30:00 PM,,No,,,,,,
206,3,James Madison,North Carolina,09/17/16,03:30:00 PM,,No,,,,,,
207,3,Pittsburgh,Oklahoma State,09/17/16,03:30:00 PM,,No,,,,,,
208,3,South Florida,Syracuse,09/17/16,03:30:00 PM,,No,,,,,,
209,3,Boston College,Virginia Tech,09/17/16,03:30:00 PM,,No,,,,,,
210,3,Western Michigan,Illinois,09/17/16,04:00:00 PM,,No,,,,,,
211,3,New Mexico State,Kentucky,09/17/16,04:00:00 PM,,No,,,,,,
212,3,East Carolina,South Carolina,09/17/16,04:00:00 PM,,No,,,,,,
213,3,Northern Colorado,Colorado State,09/17/16,04:00:00 PM,,No,,,,,,
214,3,UC Davis,Wyoming,09/17/16,04:00:00 PM,,No,,,,,,
215,3,Idaho State,Oregon State,09/17/16,05:00:00 PM,,No,,,,,,
216,3,Eastern Michigan,Charlotte,09/17/16,06:00:00 PM,,No,,,,,,
217,3,Old Dominion,NC State,09/17/16,06:00:00 PM,,No,,,,,,
218,3,Louisiana Monroe,Georgia Southern,09/17/16,06:00:00 PM,,No,,,,,,
219,3,Delaware,Wake Forest,09/17/16,06:30:00 PM,,No,,,,,,
220,3,Maryland,UCF,09/17/16,07:00:00 PM,,No,,,,,,
221,3,Navy,Tulane,09/17/16,07:00:00 PM,,No,,,,,,
222,3,Liberty,SMU,09/17/16,07:00:00 PM,,No,,,,,,
223,3,Louisiana Tech,Texas Tech,09/17/16,07:00:00 PM,,No,,,,,,
224,3,Troy,Southern Mississippi,09/17/16,07:00:00 PM,,No,,,,,,
225,3,Mississippi State,LSU,09/17/16,07:00:00 PM,,No,,,,,,
226,3,Texas A&M;,Auburn,09/17/16,07:00:00 PM,,No,,,,,,
227,3,Army,UTEP,09/17/16,07:00:00 PM,,No,,,,,,
228,3,Texas State,Arkansas,09/17/16,07:30:00 PM,,No,,,,,,
229,3,North Texas,Florida,09/17/16,07:30:00 PM,,No,,,,,,
230,3,Michigan State,Notre Dame,09/17/16,07:30:00 PM,,No,,,,,,
231,3,Georgia,Missouri,09/17/16,07:30:00 PM,,No,,,,,,
232,3,Ohio State,Oklahoma,09/17/16,07:30:00 PM,,No,,,,,,
233,3,Duke,Northwestern,09/17/16,08:00:00 PM,,No,,,,,,
234,3,USC,Stanford,09/17/16,08:00:00 PM,,No,,,,,,
235,3,Portland State,Washington,09/17/16,08:00:00 PM,,No,,,,,,
236,3,Buffalo,Nevada,09/17/16,09:00:00 PM,,No,,,,,,
237,3,UCLA,BYU,09/17/16,10:15:00 PM,,No,,,,,,
238,3,Utah,San José State,09/17/16,10:30:00 PM,,No,,,,,,
239,3,Texas,California,09/17/16,10:30:00 PM,,No,,,,,,
240,3,Hawaii,Arizona,09/17/16,10:45:00 PM,,No,,,,,,
242,4,Clemson,Georgia Tech,09/22/16,07:30:00 PM,,No,,,,,,
244,4,Wyoming,Eastern Michigan,09/23/16,07:30:00 PM,,No,,,,,,
245,4,TCU,SMU,09/23/16,08:00:00 PM,,No,,,,,,
246,4,USC,Utah,09/23/16,09:00:00 PM,,No,,,,,,
248,4,Washington,Arizona,09/24/16,,,No,,,,,,
249,4,California,Arizona State,09/24/16,,,No,,,,,,
250,4,Stanford,UCLA,09/24/16,,,No,,,,,,
251,4,Colorado,Oregon,09/24/16,,,No,,,,,,
252,4,Boise State,Oregon State,09/24/16,,,No,,,,,,
253,4,Air Force,Utah State,09/24/16,,,No,,,,,,
254,4,Colorado State,Minnesota,09/24/16,,,No,,,,,,
255,4,Kent State,Alabama,09/24/16,,,No,,,,,,
256,4,LSU,Auburn,09/24/16,,,No,,,,,,
257,4,South Carolina,Kentucky,09/24/16,,,No,,,,,,
258,4,Georgia,Ole Miss,09/24/16,,,No,,,,,,
259,4,Delaware State,Missouri,09/24/16,,,No,,,,,,
260,4,Florida,Tennessee,09/24/16,,,No,,,,,,
261,4,Arkansas,Texas A&M;,09/24/16,,,No,,,,,,
262,4,Nevada,Purdue,09/24/16,,,No,,,,,,
263,4,Oklahoma State,Baylor,09/24/16,,,No,,,,,,
264,4,Army,Buffalo,09/24/16,,,No,,,,,,
265,4,West Virginia,BYU,09/24/16,,,No,,,,,,
266,4,Idaho,UNLV,09/24/16,,,No,,,,,,
267,4,Appalachian State,Akron,09/24/16,,,No,,,,,,
268,4,Ball State,Florida Atlantic,09/24/16,,,No,,,,,,
269,4,Bowling Green,Memphis,09/24/16,,,No,,,,,,
270,4,Central Michigan,Virginia,09/24/16,,,No,,,,,,
271,4,Gardner-Webb,Ohio,09/24/16,,,No,,,,,,
272,4,Georgia Southern,Western Michigan,09/24/16,,,No,,,,,,
273,4,Miami (OH),Cincinnati,09/24/16,,,No,,,,,,
274,4,Western Illinois,Northern Illinois,09/24/16,,,No,,,,,,
275,4,Charlotte,Temple,09/24/16,,,No,,,,,,
276,4,North Texas,Rice,09/24/16,,,No,,,,,,
277,4,Texas San Antonio,Old Dominion,09/24/16,,,No,,,,,,
278,4,Wagner,Boston College,09/24/16,,,No,,,,,,
279,4,Florida State,South Florida,09/24/16,,,No,,,,,,
280,4,Pittsburgh,North Carolina,09/24/16,,,No,,,,,,
281,4,Syracuse,Connecticut,09/24/16,,,No,,,,,,
282,4,East Carolina,Virginia Tech,09/24/16,,,No,,,,,,
283,4,Wake Forest,Indiana,09/24/16,,,No,,,,,,
284,4,Iowa,Rutgers,09/24/16,,,No,,,,,,
285,4,Penn State,Michigan,09/24/16,,,No,,,,,,
286,4,Wisconsin,Michigan State,09/24/16,,,No,,,,,,
287,4,Louisiana Lafayette,Tulane,09/24/16,,,No,,,,,,
288,4,Central Arkansas,Arkansas State,09/24/16,,,No,,,,,,
289,4,New Mexico State,Troy,09/24/16,,,No,,,,,,
290,4,Nicholls State,South Alabama,09/24/16,,,No,,,,,,
291,4,San José State,Iowa State,09/24/16,12:00:00 PM,,No,,,,,,
292,4,Duke,Notre Dame,09/24/16,03:30:00 PM,,No,,,,,,
293,4,Mississippi State,Massachusetts,09/24/16,03:30:00 PM,,No,,,,,,
294,4,Tulsa,Fresno State,09/24/16,04:30:00 PM,,No,,,,,,
295,4,Vanderbilt,Western Kentucky,09/24/16,04:30:00 PM,,No,,,,,,
296,4,UCF,Florida Intl,09/24/16,07:00:00 PM,,No,,,,,,
297,4,Louisiana Tech,Middle Tennessee,09/24/16,07:00:00 PM,,No,,,,,,
298,4,Houston,Texas State,09/24/16,07:00:00 PM,,No,,,,,,
299,4,Missouri State,Kansas State,09/24/16,07:10:00 PM,,No,,,,,,
300,4,Nebraska,Northwestern,09/24/16,07:30:00 PM,,No,,,,,,
301,4,Southern Mississippi,UTEP,09/24/16,08:00:00 PM,,No,,,,,,
302,4,Louisville,Marshall,09/24/16,08:00:00 PM,,No,,,,,,
304,5,Connecticut,Houston,09/29/16,08:00:00 PM,,No,,,,,,
305,5,Kansas,Texas Tech,09/29/16,08:30:00 PM,,No,,,,,,
307,5,Stanford,Washington,09/30/16,09:00:00 PM,,No,,,,,,
308,5,Toledo,BYU,09/30/16,10:15:00 PM,,No,,,,,,
310,5,Syracuse,Notre Dame,10/01/16,,,No,,,,,,
311,5,Nevada,Hawaii,10/01/16,,,No,,,,,,
312,5,San Diego State,South Alabama,10/01/16,,,No,,,,,,
313,5,Buffalo,Boston College,10/01/16,,,No,,,,,,
314,5,Baylor,Iowa State,10/01/16,,,No,,,,,,
315,5,Northern Illinois,Ball State,10/01/16,,,No,,,,,,
316,5,Western Michigan,Central Michigan,10/01/16,,,No,,,,,,
317,5,Marshall,Pittsburgh,10/01/16,,,No,,,,,,
318,5,Arizona,UCLA,10/01/16,,,No,,,,,,
319,5,Arizona State,USC,10/01/16,,,No,,,,,,
320,5,Oregon State,Colorado,10/01/16,,,No,,,,,,
321,5,Utah,California,10/01/16,,,No,,,,,,
322,5,Oregon,Washington State,10/01/16,,,No,,,,,,
323,5,Utah State,Boise State,10/01/16,,,No,,,,,,
324,5,Wyoming,Colorado State,10/01/16,,,No,,,,,,
325,5,Kentucky,Alabama,10/01/16,,,No,,,,,,
326,5,Alcorn State,Arkansas,10/01/16,,,No,,,,,,
327,5,Louisiana Monroe,Auburn,10/01/16,,,No,,,,,,
328,5,Tennessee,Georgia,10/01/16,,,No,,,,,,
329,5,Missouri,LSU,10/01/16,,,No,,,,,,
330,5,Memphis,Ole Miss,10/01/16,,,No,,,,,,
331,5,Texas A&M;,South Carolina,10/01/16,,,No,,,,,,
332,5,Florida,Vanderbilt,10/01/16,,,No,,,,,,
333,5,Kansas State,West Virginia,10/01/16,,,No,,,,,,
334,5,Oklahoma,TCU,10/01/16,,,No,,,,,,
335,5,Texas,Oklahoma State,10/01/16,,,No,,,,,,
336,5,Wisconsin,Michigan,10/01/16,,,No,,,,,,
337,5,UCF,East Carolina,10/01/16,,,No,,,,,,
338,5,South Florida,Cincinnati,10/01/16,,,No,,,,,,
339,5,SMU,Temple,10/01/16,,,No,,,,,,
340,5,Louisville,Clemson,10/01/16,,,No,,,,,,
341,5,Virginia,Duke,10/01/16,,,No,,,,,,
342,5,North Carolina,Florida State,10/01/16,,,No,,,,,,
343,5,Wake Forest,NC State,10/01/16,,,No,,,,,,
344,5,Minnesota,Penn State,10/01/16,,,No,,,,,,
345,5,Miami,Georgia Tech,10/01/16,,,No,,,,,,
346,5,Georgia State,Appalachian State,10/01/16,,,No,,,,,,
347,5,Troy,Idaho,10/01/16,,,No,,,,,,
348,5,Northwestern,Iowa,10/01/16,12:00:00 PM,,No,,,,,,
349,5,Rutgers,Ohio State,10/01/16,12:00:00 PM,,No,,,,,,
350,5,Ohio,Miami (OH),10/01/16,02:30:00 PM,,No,,,,,,
351,5,Eastern Michigan,Bowling Green,10/01/16,03:00:00 PM,,No,,,,,,
352,5,Akron,Kent State,10/01/16,03:30:00 PM,,No,,,,,,
353,5,Tulane,Massachusetts,10/01/16,03:30:00 PM,,No,,,,,,
354,5,Navy,Air Force,10/01/16,03:30:00 PM,,No,,,,,,
355,5,Purdue,Maryland,10/01/16,03:30:00 PM,,No,,,,,,
356,5,Illinois,Nebraska,10/01/16,03:30:00 PM,,No,,,,,,
357,5,San José State,New Mexico,10/01/16,04:00:00 PM,,No,,,,,,
358,5,Old Dominion,Charlotte,10/01/16,06:00:00 PM,,No,,,,,,
359,5,Florida Atlantic,Florida Intl,10/01/16,07:00:00 PM,,No,,,,,,
360,5,UTEP,Louisiana Tech,10/01/16,07:00:00 PM,,No,,,,,,
361,5,Middle Tennessee,North Texas,10/01/16,07:00:00 PM,,No,,,,,,
362,5,Rice,Southern Mississippi,10/01/16,07:00:00 PM,,No,,,,,,
363,5,Houston Baptist,Western Kentucky,10/01/16,07:00:00 PM,,No,,,,,,
364,5,Incarnate Word,Texas State,10/01/16,07:00:00 PM,,No,,,,,,
365,5,Louisiana Lafayette,New Mexico State,10/01/16,08:00:00 PM,,No,,,,,,
366,5,Michigan State,Indiana,10/01/16,08:00:00 PM,,No,,,,,,
367,5,Fresno State,UNLV,10/01/16,10:30:00 PM,,No,,,,,,
369,6,Georgia Southern,Arkansas State,10/05/16,08:00:00 PM,,No,,,,,,
371,6,Temple,Memphis,10/06/16,08:00:00 PM,,No,,,,,,
372,6,Western Kentucky,Louisiana Tech,10/06/16,08:00:00 PM,,No,,,,,,
374,6,Clemson,Boston College,10/07/16,07:30:00 PM,,No,,,,,,
375,6,Tulane,UCF,10/07/16,08:00:00 PM,,No,,,,,,
376,6,SMU,Tulsa,10/07/16,08:00:00 PM,,No,,,,,,
377,6,Boise State,New Mexico,10/07/16,09:00:00 PM,,No,,,,,,
379,6,Fresno State,Nevada,10/08/16,,,No,,,,,,
380,6,Hawaii,San José State,10/08/16,,,No,,,,,,
381,6,UNLV,San Diego State,10/08/16,,,No,,,,,,
382,6,Charlotte,Florida Atlantic,10/08/16,,,No,,,,,,
383,6,Army,Duke,10/08/16,,,No,,,,,,
384,6,BYU,Michigan State,10/08/16,,,No,,,,,,
385,6,Notre Dame,NC State,10/08/16,,,No,,,,,,
386,6,Massachusetts,Old Dominion,10/08/16,,,No,,,,,,
387,6,Alabama,Arkansas,10/08/16,,,No,,,,,,
388,6,LSU,Florida,10/08/16,,,No,,,,,,
389,6,Vanderbilt,Kentucky,10/08/16,,,No,,,,,,
390,6,Auburn,Mississippi State,10/08/16,,,No,,,,,,
391,6,Georgia,South Carolina,10/08/16,,,No,,,,,,
392,6,Tennessee,Texas A&M;,10/08/16,,,No,,,,,,
393,6,Arizona,Utah,10/08/16,,,No,,,,,,
394,6,UCLA,Arizona State,10/08/16,,,No,,,,,,
395,6,Colorado,USC,10/08/16,,,No,,,,,,
396,6,Washington,Oregon,10/08/16,,,No,,,,,,
397,6,California,Oregon State,10/08/16,,,No,,,,,,
398,6,Washington State,Stanford,10/08/16,,,No,,,,,,
399,6,Georgia Tech,Pittsburgh,10/08/16,,,No,,,,,,
400,6,Virginia Tech,North Carolina,10/08/16,,,No,,,,,,
401,6,Syracuse,Wake Forest,10/08/16,,,No,,,,,,
402,6,Iowa State,Oklahoma State,10/08/16,,,No,,,,,,
403,6,TCU,Kansas,10/08/16,,,No,,,,,,
404,6,Texas Tech,Kansas State,10/08/16,,,No,,,,,,
405,6,Texas,Oklahoma,10/08/16,,,No,,,,,,
406,6,Michigan,Rutgers,10/08/16,,,No,,,,,,
407,6,Indiana,Ohio State,10/08/16,,,No,,,,,,
408,6,Purdue,Illinois,10/08/16,,,No,,,,,,
409,6,Iowa,Minnesota,10/08/16,,,No,,,,,,
410,6,Texas State,Georgia State,10/08/16,,,No,,,,,,
411,6,East Carolina,South Florida,10/08/16,,,No,,,,,,
412,6,Florida State,Miami,10/08/16,,,No,,,,,,
413,6,Cincinnati,Connecticut,10/08/16,11:30:00 AM,,No,,,,,,
414,6,Maryland,Penn State,10/08/16,12:00:00 PM,,No,,,,,,
415,6,Southern Mississippi,Texas San Antonio,10/08/16,12:00:00 PM,,No,,,,,,
416,6,Bowling Green,Ohio,10/08/16,02:00:00 PM,,No,,,,,,
417,6,Ball State,Central Michigan,10/08/16,03:00:00 PM,,No,,,,,,
418,6,Toledo,Eastern Michigan,10/08/16,03:00:00 PM,,No,,,,,,
419,6,Miami (OH),Akron,10/08/16,03:00:00 PM,,No,,,,,,
420,6,Houston,Navy,10/08/16,03:00:00 PM,,No,,,,,,
421,6,Kent State,Buffalo,10/08/16,03:30:00 PM,,No,,,,,,
422,6,Air Force,Wyoming,10/08/16,03:30:00 PM,,No,,,,,,
423,6,Northern Illinois,Western Michigan,10/08/16,06:30:00 PM,,No,,,,,,
424,6,Marshall,North Texas,10/08/16,07:00:00 PM,,No,,,,,,
425,6,Idaho,Louisiana Monroe,10/08/16,07:00:00 PM,,No,,,,,,
426,6,Florida Intl,UTEP,10/08/16,08:00:00 PM,,No,,,,,,
427,6,Utah State,Colorado State,10/08/16,10:00:00 PM,,No,,,,,,
429,7,Appalachian State,Louisiana Lafayette,10/12/16,08:00:00 PM,,No,,,,,,
431,7,Navy,East Carolina,10/13/16,07:30:00 PM,,No,,,,,,
433,7,Duke,Louisville,10/14/16,07:00:00 PM,,No,,,,,,
434,7,Memphis,Tulane,10/14/16,08:00:00 PM,,No,,,,,,
435,7,San Diego State,Fresno State,10/14/16,10:00:00 PM,,No,,,,,,
436,7,Mississippi State,BYU,10/14/16,10:15:00 PM,,No,,,,,,
438,7,Kansas,Baylor,10/15/16,,,No,,,,,,
439,7,UNLV,Hawaii,10/15/16,,,No,,,,,,
440,7,Ball State,Buffalo,10/15/16,,,No,,,,,,
441,7,Ole Miss,Arkansas,10/15/16,,,No,,,,,,
442,7,Missouri,Florida,10/15/16,,,No,,,,,,
443,7,Vanderbilt,Georgia,10/15/16,,,No,,,,,,
444,7,Southern Mississippi,LSU,10/15/16,,,No,,,,,,
445,7,Alabama,Tennessee,10/15/16,,,No,,,,,,
446,7,USC,Arizona,10/15/16,,,No,,,,,,
447,7,Arizona State,Colorado,10/15/16,,,No,,,,,,
448,7,UCLA,Washington State,10/15/16,,,No,,,,,,
449,7,Utah,Oregon State,10/15/16,,,No,,,,,,
450,7,New Mexico,Air Force,10/15/16,,,No,,,,,,
451,7,Colorado State,Boise State,10/15/16,,,No,,,,,,
452,7,Temple,UCF,10/15/16,,,No,,,,,,
453,7,Connecticut,South Florida,10/15/16,,,No,,,,,,
454,7,Tulsa,Houston,10/15/16,,,No,,,,,,
455,7,Iowa State,Texas,10/15/16,,,No,,,,,,
456,7,Kansas State,Oklahoma,10/15/16,,,No,,,,,,
457,7,West Virginia,Texas Tech,10/15/16,,,No,,,,,,
458,7,NC State,Clemson,10/15/16,,,No,,,,,,
459,7,Wake Forest,Florida State,10/15/16,,,No,,,,,,
460,7,Georgia Southern,Georgia Tech,10/15/16,,,No,,,,,,
461,7,Pittsburgh,Virginia,10/15/16,,,No,,,,,,
462,7,Virginia Tech,Syracuse,10/15/16,,,No,,,,,,
463,7,Central Michigan,Northern Illinois,10/15/16,,,No,,,,,,
464,7,Eastern Michigan,Ohio,10/15/16,,,No,,,,,,
465,7,Kent State,Miami (OH),10/15/16,,,No,,,,,,
466,7,Western Michigan,Akron,10/15/16,,,No,,,,,,
467,7,South Alabama,Arkansas State,10/15/16,,,No,,,,,,
468,7,Georgia State,Troy,10/15/16,,,No,,,,,,
469,7,New Mexico State,Idaho,10/15/16,,,No,,,,,,
470,7,Minnesota,Maryland,10/15/16,,,No,,,,,,
471,7,North Carolina,Miami,10/15/16,,,No,,,,,,
472,7,Iowa,Purdue,10/15/16,12:00:00 PM,,No,,,,,,
473,7,Illinois,Rutgers,10/15/16,12:00:00 PM,,No,,,,,,
474,7,Lafayette,Army,10/15/16,12:00:00 PM,,No,,,,,,
475,7,Western Kentucky,Middle Tennessee,10/15/16,02:30:00 PM,,No,,,,,,
476,7,Louisiana Tech,Massachusetts,10/15/16,03:30:00 PM,,No,,,,,,
477,7,Nebraska,Indiana,10/15/16,03:30:00 PM,,No,,,,,,
478,7,Northwestern,Michigan State,10/15/16,03:30:00 PM,,No,,,,,,
479,7,Bowling Green,Toledo,10/15/16,03:30:00 PM,,No,,,,,,
480,7,Florida Intl,Charlotte,10/15/16,06:00:00 PM,,No,,,,,,
481,7,Florida Atlantic,Marshall,10/15/16,07:00:00 PM,,No,,,,,,
482,7,Texas San Antonio,Rice,10/15/16,07:00:00 PM,,No,,,,,,
483,7,Texas State,Louisiana Monroe,10/15/16,07:00:00 PM,,No,,,,,,
484,7,Stanford,Notre Dame,10/15/16,07:30:00 PM,,No,,,,,,
485,7,Ohio State,Wisconsin,10/15/16,08:00:00 PM,,No,,,,,,
486,7,Nevada,San José State,10/15/16,10:30:00 PM,,No,,,,,,
488,8,Miami,Virginia Tech,10/20/16,07:00:00 PM,,No,,,,,,
489,8,Troy,South Alabama,10/20/16,07:30:00 PM,,No,,,,,,
490,8,BYU,Boise State,10/20/16,10:15:00 PM,,No,,,,,,
492,8,South Florida,Temple,10/21/16,07:00:00 PM,,No,,,,,,
493,8,San José State,San Diego State,10/21/16,10:30:00 PM,,No,,,,,,
494,8,Oregon,California,10/21/16,10:30:00 PM,,No,,,,,,
496,8,Washington State,Arizona State,10/22/16,,,No,,,,,,
497,8,Utah,UCLA,10/22/16,,,No,,,,,,
498,8,Colorado,Stanford,10/22/16,,,No,,,,,,
499,8,Oregon State,Washington,10/22/16,,,No,,,,,,
500,8,Massachusetts,South Carolina,10/22/16,,,No,,,,,,
501,8,Texas A&M;,Alabama,10/22/16,,,No,,,,,,
502,8,Arkansas,Auburn,10/22/16,,,No,,,,,,
503,8,Mississippi State,Kentucky,10/22/16,,,No,,,,,,
504,8,Ole Miss,LSU,10/22/16,,,No,,,,,,
505,8,Middle Tennessee,Missouri,10/22/16,,,No,,,,,,
506,8,Tennessee State,Vanderbilt,10/22/16,,,No,,,,,,
507,8,Wyoming,Nevada,10/22/16,,,No,,,,,,
508,8,UCF,Connecticut,10/22/16,,,No,,,,,,
509,8,East Carolina,Cincinnati,10/22/16,,,No,,,,,,
510,8,Houston,SMU,10/22/16,,,No,,,,,,
511,8,Tulane,Tulsa,10/22/16,,,No,,,,,,
512,8,Oklahoma State,Kansas,10/22/16,,,No,,,,,,
513,8,Texas,Kansas State,10/22/16,,,No,,,,,,
514,8,Oklahoma,Texas Tech,10/22/16,,,No,,,,,,
515,8,TCU,West Virginia,10/22/16,,,No,,,,,,
516,8,Syracuse,Boston College,10/22/16,,,No,,,,,,
517,8,NC State,Louisville,10/22/16,,,No,,,,,,
518,8,North Carolina,Virginia,10/22/16,,,No,,,,,,
519,8,Central Michigan,Toledo,10/22/16,,,No,,,,,,
520,8,Eastern Michigan,Western Michigan,10/22/16,,,No,,,,,,
521,8,Ohio,Kent State,10/22/16,,,No,,,,,,
522,8,Miami (OH),Bowling Green,10/22/16,,,No,,,,,,
523,8,Idaho,Appalachian State,10/22/16,,,No,,,,,,
524,8,Purdue,Nebraska,10/22/16,,,No,,,,,,
525,8,Prairie View A&M;,Rice,10/22/16,,,No,,,,,,
526,8,UTEP,Texas San Antonio,10/22/16,,,No,,,,,,
527,8,Wisconsin,Iowa,10/22/16,,,No,,,,,,
528,8,Tennessee-Martin,Georgia State,10/22/16,,,No,,,,,,
529,8,Indiana,Northwestern,10/22/16,12:00:00 PM,,No,,,,,,
530,8,Rutgers,Minnesota,10/22/16,12:00:00 PM,,No,,,,,,
531,8,North Texas,Army,10/22/16,12:00:00 PM,,No,,,,,,
532,8,Hawaii,Air Force,10/22/16,02:00:00 PM,,No,,,,,,
533,8,Akron,Ball State,10/22/16,03:00:00 PM,,No,,,,,,
534,8,Buffalo,Northern Illinois,10/22/16,03:30:00 PM,,No,,,,,,
535,8,Memphis,Navy,10/22/16,03:30:00 PM,,No,,,,,,
536,8,Illinois,Michigan,10/22/16,03:30:00 PM,,No,,,,,,
537,8,Charlotte,Marshall,10/22/16,05:30:00 PM,,No,,,,,,
538,8,Colorado State,UNLV,10/22/16,05:30:00 PM,,No,,,,,,
539,8,Louisiana Tech,Florida Intl,10/22/16,07:00:00 PM,,No,,,,,,
540,8,Old Dominion,Western Kentucky,10/22/16,07:00:00 PM,,No,,,,,,
541,8,Louisiana Lafayette,Texas State,10/22/16,07:00:00 PM,,No,,,,,,
542,8,Michigan State,Maryland,10/22/16,07:30:00 PM,,No,,,,,,
543,8,Georgia Southern,New Mexico State,10/22/16,08:00:00 PM,,No,,,,,,
544,8,Ohio State,Penn State,10/22/16,08:00:00 PM,,No,,,,,,
545,8,Louisiana Monroe,New Mexico,10/22/16,09:00:00 PM,,No,,,,,,
546,8,Fresno State,Utah State,10/22/16,10:30:00 PM,,No,,,,,,
548,9,Virginia Tech,Pittsburgh,10/27/16,07:00:00 PM,,No,,,,,,
549,9,Appalachian State,Georgia Southern,10/27/16,07:30:00 PM,,No,,,,,,
550,9,Akron,Buffalo,10/27/16,07:30:00 PM,,No,,,,,,
551,9,Ohio,Toledo,10/27/16,07:30:00 PM,,No,,,,,,
552,9,California,USC,10/27/16,10:30:00 PM,,No,,,,,,
554,9,Navy,South Florida,10/28/16,07:00:00 PM,,No,,,,,,
555,9,San Diego State,Utah State,10/28/16,08:00:00 PM,,No,,,,,,
556,9,Air Force,Fresno State,10/28/16,10:30:00 PM,,No,,,,,,
558,9,Stanford,Arizona,10/29/16,,,No,,,,,,
559,9,Arizona State,Oregon,10/29/16,,,No,,,,,,
560,9,Washington,Utah,10/29/16,,,No,,,,,,
561,9,Washington State,Oregon State,10/29/16,,,No,,,,,,
562,9,Baylor,Texas,10/29/16,,,No,,,,,,
563,9,Army,Wake Forest,10/29/16,,,No,,,,,,
564,9,Auburn,Ole Miss,10/29/16,,,No,,,,,,
565,9,Samford,Mississippi State,10/29/16,,,No,,,,,,
566,9,Kentucky,Missouri,10/29/16,,,No,,,,,,
567,9,Tennessee,South Carolina,10/29/16,,,No,,,,,,
568,9,New Mexico State,Texas A&M;,10/29/16,,,No,,,,,,
569,9,UCF,Houston,10/29/16,,,No,,,,,,
570,9,Cincinnati,Temple,10/29/16,,,No,,,,,,
571,9,Connecticut,East Carolina,10/29/16,,,No,,,,,,
572,9,Tulsa,Memphis,10/29/16,,,No,,,,,,
573,9,SMU,Tulane,10/29/16,,,No,,,,,,
574,9,Kansas State,Iowa State,10/29/16,,,No,,,,,,
575,9,Kansas,Oklahoma,10/29/16,,,No,,,,,,
576,9,West Virginia,Oklahoma State,10/29/16,,,No,,,,,,
577,9,Texas Tech,TCU,10/29/16,,,No,,,,,,
578,9,Kent State,Central Michigan,10/29/16,,,No,,,,,,
579,9,North Texas,Texas San Antonio,10/29/16,,,No,,,,,,
580,9,Louisiana Monroe,Arkansas State,10/29/16,,,No,,,,,,
581,9,Georgia State,South Alabama,10/29/16,,,No,,,,,,
582,9,New Mexico,Hawaii,10/29/16,,,No,,,,,,
583,9,Miami (OH),Eastern Michigan,10/29/16,,,No,,,,,,
584,9,Boston College,NC State,10/29/16,,,No,,,,,,
585,9,Clemson,Florida State,10/29/16,,,No,,,,,,
586,9,Duke,Georgia Tech,10/29/16,,,No,,,,,,
587,9,Louisville,Virginia,10/29/16,,,No,,,,,,
588,9,Maryland,Indiana,10/29/16,,,No,,,,,,
589,9,Michigan,Michigan State,10/29/16,,,No,,,,,,
590,9,Penn State,Purdue,10/29/16,,,No,,,,,,
591,9,Minnesota,Illinois,10/29/16,12:00:00 PM,,No,,,,,,
592,9,Wagner,Massachusetts,10/29/16,01:00:00 PM,,No,,,,,,
593,9,Florida,Georgia,10/29/16,03:30:00 PM,,No,,,,,,
594,9,Miami,Notre Dame,10/29/16,03:30:00 PM,,No,,,,,,
595,9,Western Kentucky,Florida Atlantic,10/29/16,03:30:00 PM,,No,,,,,,
596,9,Northwestern,Ohio State,10/29/16,05:30:00 PM,,No,,,,,,
597,9,Rice,Louisiana Tech,10/29/16,07:00:00 PM,,No,,,,,,
598,9,Marshall,Southern Mississippi,10/29/16,07:00:00 PM,,No,,,,,,
599,9,Middle Tennessee,Florida Intl,10/29/16,07:00:00 PM,,No,,,,,,
600,9,Boise State,Wyoming,10/29/16,07:00:00 PM,,No,,,,,,
601,9,Nebraska,Wisconsin,10/29/16,07:00:00 PM,,No,,,,,,
602,9,Old Dominion,UTEP,10/29/16,08:00:00 PM,,No,,,,,,
603,9,UNLV,San José State,10/29/16,10:30:00 PM,,No,,,,,,
605,10,Bowling Green,Northern Illinois,11/01/16,08:00:00 PM,,No,,,,,,
606,10,Western Michigan,Ball State,11/01/16,08:00:00 PM,,No,,,,,,
608,10,Toledo,Akron,11/02/16,07:30:00 PM,,No,,,,,,
610,10,Buffalo,Ohio,11/03/16,06:00:00 PM,,No,,,,,,
611,10,Oklahoma,Iowa State,11/03/16,07:30:00 PM,,No,,,,,,
612,10,Arkansas State,Georgia State,11/03/16,07:30:00 PM,,No,,,,,,
613,10,UCLA,Colorado,11/03/16,09:00:00 PM,,No,,,,,,
615,10,Central Michigan,Miami (OH),11/04/16,06:00:00 PM,,No,,,,,,
616,10,Temple,Connecticut,11/04/16,07:00:00 PM,,No,,,,,,
617,10,San José State,Boise State,11/04/16,10:15:00 PM,,No,,,,,,
619,10,Nevada,New Mexico,11/05/16,,,No,,,,,,
620,10,Utah State,Wyoming,11/05/16,,,No,,,,,,
621,10,Florida Atlantic,Rice,11/05/16,,,No,,,,,,
622,10,Louisville,Boston College,11/05/16,,,No,,,,,,
623,10,Syracuse,Clemson,11/05/16,,,No,,,,,,
624,10,Virginia Tech,Duke,11/05/16,,,No,,,,,,
625,10,Florida State,NC State,11/05/16,,,No,,,,,,
626,10,Georgia Tech,North Carolina,11/05/16,,,No,,,,,,
627,10,Pittsburgh,Miami,11/05/16,,,No,,,,,,
628,10,Virginia,Wake Forest,11/05/16,,,No,,,,,,
629,10,Arizona,Washington State,11/05/16,,,No,,,,,,
630,10,Oregon,USC,11/05/16,,,No,,,,,,
631,10,Oregon State,Stanford,11/05/16,,,No,,,,,,
632,10,Washington,California,11/05/16,,,No,,,,,,
633,10,TCU,Baylor,11/05/16,,,No,,,,,,
634,10,BYU,Cincinnati,11/05/16,,,No,,,,,,
635,10,Massachusetts,Troy,11/05/16,,,No,,,,,,
636,10,Florida,Arkansas,11/05/16,,,No,,,,,,
637,10,Vanderbilt,Auburn,11/05/16,,,No,,,,,,
638,10,Georgia,Kentucky,11/05/16,,,No,,,,,,
639,10,Alabama,LSU,11/05/16,,,No,,,,,,
640,10,Georgia Southern,Ole Miss,11/05/16,,,No,,,,,,
641,10,Texas A&M;,Mississippi State,11/05/16,,,No,,,,,,
642,10,Missouri,South Carolina,11/05/16,,,No,,,,,,
643,10,Tennessee Tech,Tennessee,11/05/16,,,No,,,,,,
644,10,East Carolina,Tulsa,11/05/16,,,No,,,,,,
645,10,Memphis,SMU,11/05/16,,,No,,,,,,
646,10,Texas State,Appalachian State,11/05/16,,,No,,,,,,
647,10,Idaho,Louisiana Lafayette,11/05/16,,,No,,,,,,
648,10,Kansas,West Virginia,11/05/16,,,No,,,,,,
649,10,Oklahoma State,Kansas State,11/05/16,,,No,,,,,,
650,10,Texas,Texas Tech,11/05/16,,,No,,,,,,
651,10,Indiana,Rutgers,11/05/16,,,No,,,,,,
652,10,Michigan State,Illinois,11/05/16,,,No,,,,,,
653,10,Maryland,Michigan,11/05/16,,,No,,,,,,
654,10,Purdue,Minnesota,11/05/16,,,No,,,,,,
655,10,Wisconsin,Northwestern,11/05/16,,,No,,,,,,
656,10,Navy,Notre Dame,11/05/16,11:30:00 AM,,No,,,,,,
657,10,Air Force,Army,11/05/16,12:00:00 PM,,No,,,,,,
658,10,Texas San Antonio,Middle Tennessee,11/05/16,02:30:00 PM,,No,,,,,,
659,10,Fresno State,Colorado State,11/05/16,03:30:00 PM,,No,,,,,,
660,10,Charlotte,Southern Mississippi,11/05/16,03:30:00 PM,,No,,,,,,
661,10,South Alabama,Louisiana Monroe,11/05/16,05:00:00 PM,,No,,,,,,
662,10,Florida Intl,Western Kentucky,11/05/16,05:30:00 PM,,No,,,,,,
663,10,Louisiana Tech,North Texas,11/05/16,05:30:00 PM,,No,,,,,,
664,10,Marshall,Old Dominion,11/05/16,07:00:00 PM,,No,,,,,,
665,10,Hawaii,San Diego State,11/05/16,07:00:00 PM,,No,,,,,,
666,10,Iowa,Penn State,11/05/16,07:30:00 PM,,No,,,,,,
667,10,Nebraska,Ohio State,11/05/16,08:00:00 PM,,No,,,,,,
668,10,Houston Baptist,UTEP,11/05/16,08:00:00 PM,,No,,,,,,
670,11,Eastern Michigan,Ball State,11/08/16,07:30:00 PM,,No,,,,,,
671,11,Western Michigan,Kent State,11/08/16,07:30:00 PM,,No,,,,,,
673,11,Bowling Green,Akron,11/09/16,08:00:00 PM,,No,,,,,,
674,11,Toledo,Northern Illinois,11/09/16,08:00:00 PM,,No,,,,,,
676,11,North Carolina,Duke,11/10/16,07:30:00 PM,,No,,,,,,
677,11,Louisiana Lafayette,Georgia Southern,11/10/16,07:30:00 PM,,No,,,,,,
678,11,Utah,Arizona State,11/10/16,09:30:00 PM,,No,,,,,,
680,11,Boston College,Florida State,11/11/16,07:30:00 PM,,No,,,,,,
682,11,Pittsburgh,Clemson,11/12/16,,,No,,,,,,
683,11,Georgia Tech,Virginia Tech,11/12/16,,,No,,,,,,
684,11,Wake Forest,Louisville,11/12/16,,,No,,,,,,
685,11,NC State,Syracuse,11/12/16,,,No,,,,,,
686,11,Cincinnati,UCF,11/12/16,,,No,,,,,,
687,11,SMU,East Carolina,11/12/16,,,No,,,,,,
688,11,South Florida,Memphis,11/12/16,,,No,,,,,,
689,11,Tulane,Houston,11/12/16,,,No,,,,,,
690,11,Miami (OH),Buffalo,11/12/16,,,No,,,,,,
691,11,UTEP,Florida Atlantic,11/12/16,,,No,,,,,,
692,11,Colorado,Arizona,11/12/16,,,No,,,,,,
693,11,USC,Washington,11/12/16,,,No,,,,,,
694,11,Oregon State,UCLA,11/12/16,,,No,,,,,,
695,11,Stanford,Oregon,11/12/16,,,No,,,,,,
696,11,California,Washington State,11/12/16,,,No,,,,,,
697,11,Colorado State,Air Force,11/12/16,,,No,,,,,,
698,11,Mississippi State,Alabama,11/12/16,,,No,,,,,,
699,11,LSU,Arkansas,11/12/16,,,No,,,,,,
700,11,South Carolina,Florida,11/12/16,,,No,,,,,,
701,11,Auburn,Georgia,11/12/16,,,No,,,,,,
702,11,Vanderbilt,Missouri,11/12/16,,,No,,,,,,
703,11,Kentucky,Tennessee,11/12/16,,,No,,,,,,
704,11,Ole Miss,Texas A&M;,11/12/16,,,No,,,,,,
705,11,Baylor,Oklahoma,11/12/16,,,No,,,,,,
706,11,New Mexico,Utah State,11/12/16,,,No,,,,,,
707,11,Wyoming,UNLV,11/12/16,,,No,,,,,,
708,11,Louisiana Monroe,Georgia State,11/12/16,,,No,,,,,,
709,11,Miami,Virginia,11/12/16,,,No,,,,,,
710,11,Appalachian State,Troy,11/12/16,,,No,,,,,,
711,11,New Mexico State,Arkansas State,11/12/16,,,No,,,,,,
712,11,Iowa State,Kansas,11/12/16,,,No,,,,,,
713,11,Texas Tech,Oklahoma State,11/12/16,,,No,,,,,,
714,11,West Virginia,Texas,11/12/16,,,No,,,,,,
715,11,Rutgers,Michigan State,11/12/16,,,No,,,,,,
716,11,Ohio State,Maryland,11/12/16,,,No,,,,,,
717,11,Penn State,Indiana,11/12/16,,,No,,,,,,
718,11,Northwestern,Purdue,11/12/16,,,No,,,,,,
719,11,Tulsa,Navy,11/12/16,12:00:00 PM,,No,,,,,,
720,11,Rice,Charlotte,11/12/16,02:00:00 PM,,No,,,,,,
721,11,Southern Utah,BYU,11/12/16,03:00:00 PM,,No,,,,,,
722,11,Illinois,Wisconsin,11/12/16,03:30:00 PM,,No,,,,,,
723,11,Texas San Antonio,Louisiana Tech,11/12/16,03:30:00 PM,,No,,,,,,
724,11,North Texas,Western Kentucky,11/12/16,03:30:00 PM,,No,,,,,,
725,11,Southern Mississippi,Old Dominion,11/12/16,03:30:00 PM,,No,,,,,,
726,11,Notre Dame,Army,11/12/16,03:30:00 PM,,No,,,,,,
727,11,Idaho,Texas State,11/12/16,04:00:00 PM,,No,,,,,,
728,11,Boise State,Hawaii,11/12/16,07:00:00 PM,,No,,,,,,
729,11,Middle Tennessee,Marshall,11/12/16,07:00:00 PM,,No,,,,,,
730,11,Minnesota,Nebraska,11/12/16,07:30:00 PM,,No,,,,,,
731,11,Michigan,Iowa,11/12/16,08:00:00 PM,,No,,,,,,
732,11,San Diego State,Nevada,11/12/16,10:30:00 PM,,No,,,,,,
734,12,Kent State,Bowling Green,11/15/16,,,No,,,,,,
735,12,Ohio,Central Michigan,11/15/16,,,No,,,,,,
737,12,Northern Illinois,Eastern Michigan,11/16/16,,,No,,,,,,
738,12,Ball State,Toledo,11/16/16,07:00:00 PM,,No,,,,,,
740,12,Louisville,Houston,11/17/16,08:00:00 PM,,No,,,,,,
741,12,Arkansas State,Troy,11/17/16,09:30:00 PM,,No,,,,,,
743,12,Memphis,Cincinnati,11/18/16,08:00:00 PM,,No,,,,,,
744,12,UNLV,Boise State,11/18/16,09:00:00 PM,,No,,,,,,
746,12,Buffalo,Western Michigan,11/19/16,,,No,,,,,,
747,12,Kansas State,Baylor,11/19/16,,,No,,,,,,
748,12,Massachusetts,BYU,11/19/16,,,No,,,,,,
749,12,New Mexico,Colorado State,11/19/16,,,No,,,,,,
750,12,Utah State,Nevada,11/19/16,,,No,,,,,,
751,12,Chattanooga,Alabama,11/19/16,,,No,,,,,,
752,12,Alabama A&M;,Auburn,11/19/16,,,No,,,,,,
753,12,Presbyterian College,Florida,11/19/16,,,No,,,,,,
754,12,Louisiana Lafayette,Georgia,11/19/16,,,No,,,,,,
755,12,Austin Peay,Kentucky,11/19/16,,,No,,,,,,
756,12,South Alabama,LSU,11/19/16,,,No,,,,,,
757,12,Arkansas,Mississippi State,11/19/16,,,No,,,,,,
758,12,Western Carolina,South Carolina,11/19/16,,,No,,,,,,
759,12,Missouri,Tennessee,11/19/16,,,No,,,,,,
760,12,Texas San Antonio,Texas A&M;,11/19/16,,,No,,,,,,
761,12,Ole Miss,Vanderbilt,11/19/16,,,No,,,,,,
762,12,Arizona,Oregon State,11/19/16,,,No,,,,,,
763,12,Arizona State,Washington,11/19/16,,,No,,,,,,
764,12,USC,UCLA,11/19/16,,,No,,,,,,
765,12,Washington State,Colorado,11/19/16,,,No,,,,,,
766,12,Oregon,Utah,11/19/16,,,No,,,,,,
767,12,Stanford,California,11/19/16,,,No,,,,,,
768,12,Tulsa,UCF,11/19/16,,,No,,,,,,
769,12,South Florida,SMU,11/19/16,,,No,,,,,,
770,12,Temple,Tulane,11/19/16,,,No,,,,,,
771,12,Texas Tech,Iowa State,11/19/16,,,No,,,,,,
772,12,Texas,Kansas,11/19/16,,,No,,,,,,
773,12,Oklahoma,West Virginia,11/19/16,,,No,,,,,,
774,12,Oklahoma State,TCU,11/19/16,,,No,,,,,,
775,12,UTEP,Rice,11/19/16,,,No,,,,,,
776,12,Connecticut,Boston College,11/19/16,,,No,,,,,,
777,12,Clemson,Wake Forest,11/19/16,,,No,,,,,,
778,12,Duke,Pittsburgh,11/19/16,,,No,,,,,,
779,12,Florida State,Syracuse,11/19/16,,,No,,,,,,
780,12,Virginia,Georgia Tech,11/19/16,,,No,,,,,,
781,12,Miami,NC State,11/19/16,,,No,,,,,,
782,12,The Citadel,North Carolina,11/19/16,,,No,,,,,,
783,12,Louisiana Monroe,Appalachian State,11/19/16,,,No,,,,,,
784,12,Georgia Southern,Georgia State,11/19/16,,,No,,,,,,
785,12,Ohio State,Michigan State,11/19/16,,,No,,,,,,
786,12,Iowa,Illinois,11/19/16,,,No,,,,,,
787,12,Indiana,Michigan,11/19/16,,,No,,,,,,
788,12,Northwestern,Minnesota,11/19/16,,,No,,,,,,
789,12,Maryland,Nebraska,11/19/16,,,No,,,,,,
790,12,Wisconsin,Purdue,11/19/16,,,No,,,,,,
791,12,Old Dominion,Florida Atlantic,11/19/16,,,No,,,,,,
792,12,Morgan State,Army,11/19/16,12:00:00 PM,,No,,,,,,
793,12,Middle Tennessee,Charlotte,11/19/16,02:00:00 PM,,No,,,,,,
794,12,Virginia Tech,Notre Dame,11/19/16,03:30:00 PM,,No,,,,,,
795,12,San Diego State,Wyoming,11/19/16,03:30:00 PM,,No,,,,,,
796,12,Texas State,New Mexico State,11/19/16,04:00:00 PM,,No,,,,,,
797,12,Southern Mississippi,North Texas,11/19/16,05:30:00 PM,,No,,,,,,
798,12,Hawaii,Fresno State,11/19/16,07:00:00 PM,,No,,,,,,
799,12,Marshall,Florida Intl,11/19/16,07:00:00 PM,,No,,,,,,
800,12,Penn State,Rutgers,11/19/16,08:00:00 PM,,No,,,,,,
801,12,Air Force,San José State,11/19/16,10:30:00 PM,,No,,,,,,
803,13,Akron,Ohio,11/22/16,07:00:00 PM,,No,,,,,,
804,13,Ball State,Miami (OH),11/22/16,07:00:00 PM,,No,,,,,,
805,13,Central Michigan,Eastern Michigan,11/22/16,07:00:00 PM,,No,,,,,,
807,13,LSU,Texas A&M;,11/24/16,07:30:00 PM,,No,,,,,,
809,13,Buffalo,Bowling Green,11/25/16,,,No,,,,,,
810,13,Northern Illinois,Kent State,11/25/16,,,No,,,,,,
811,13,Toledo,Western Michigan,11/25/16,,,No,,,,,,
812,13,NC State,North Carolina,11/25/16,,,No,,,,,,
813,13,Cincinnati,Tulsa,11/25/16,,,No,,,,,,
814,13,Houston,Memphis,11/25/16,,,No,,,,,,
815,13,Louisiana Tech,Southern Mississippi,11/25/16,,,No,,,,,,
816,13,Nebraska,Iowa,11/25/16,,,No,,,,,,
817,13,Arkansas,Missouri,11/25/16,02:30:00 PM,,No,,,,,,
818,13,Boise State,Air Force,11/25/16,03:30:00 PM,,No,,,,,,
819,13,Washington,Washington State,11/25/16,03:30:00 PM,,No,,,,,,
820,13,TCU,Texas,11/25/16,03:30:00 PM,,No,,,,,,
821,13,Baylor,Texas Tech,11/25/16,06:00:00 PM,,No,,,,,,
822,13,Arizona State,Arizona,11/25/16,09:30:00 PM,,No,,,,,,
824,13,Nevada,UNLV,11/26/16,,,No,,,,,,
825,13,Wyoming,New Mexico,11/26/16,,,No,,,,,,
826,13,Boston College,Wake Forest,11/26/16,,,No,,,,,,
827,13,Duke,Miami,11/26/16,,,No,,,,,,
828,13,Syracuse,Pittsburgh,11/26/16,,,No,,,,,,
829,13,Virginia,Virginia Tech,11/26/16,,,No,,,,,,
830,13,Charlotte,Texas San Antonio,11/26/16,,,No,,,,,,
831,13,Florida Intl,Old Dominion,11/26/16,,,No,,,,,,
832,13,Utah State,BYU,11/26/16,,,No,,,,,,
833,13,Notre Dame,USC,11/26/16,,,No,,,,,,
834,13,Auburn,Alabama,11/26/16,,,No,,,,,,
835,13,Florida,Florida State,11/26/16,,,No,,,,,,
836,13,Georgia Tech,Georgia,11/26/16,,,No,,,,,,
837,13,Kentucky,Louisville,11/26/16,,,No,,,,,,
838,13,Mississippi State,Ole Miss,11/26/16,,,No,,,,,,
839,13,UCLA,California,11/26/16,,,No,,,,,,
840,13,Utah,Colorado,11/26/16,,,No,,,,,,
841,13,Oregon,Oregon State,11/26/16,,,No,,,,,,
842,13,Rice,Stanford,11/26/16,,,No,,,,,,
843,13,South Carolina,Clemson,11/26/16,,,No,,,,,,
844,13,Tennessee,Vanderbilt,11/26/16,,,No,,,,,,
845,13,Rutgers,Maryland,11/26/16,,,No,,,,,,
846,13,Michigan,Ohio State,11/26/16,,,No,,,,,,
847,13,Western Kentucky,Marshall,11/26/16,,,No,,,,,,
848,13,North Texas,UTEP,11/26/16,,,No,,,,,,
849,13,Purdue,Indiana,11/26/16,,,No,,,,,,
850,13,Illinois,Northwestern,11/26/16,,,No,,,,,,
851,13,Michigan State,Penn State,11/26/16,,,No,,,,,,
852,13,Minnesota,Wisconsin,11/26/16,,,No,,,,,,
853,13,UCF,South Florida,11/26/16,,,No,,,,,,
854,13,Tulane,Connecticut,11/26/16,,,No,,,,,,
855,13,East Carolina,Temple,11/26/16,,,No,,,,,,
856,13,Navy,SMU,11/26/16,,,No,,,,,,
857,13,West Virginia,Iowa State,11/26/16,,,No,,,,,,
858,13,Kansas,Kansas State,11/26/16,,,No,,,,,,
859,13,Arkansas State,Louisiana Lafayette,11/26/16,,,No,,,,,,
860,13,South Alabama,Idaho,11/26/16,,,No,,,,,,
861,13,San José State,Fresno State,11/26/16,03:30:00 PM,,No,,,,,,
862,13,Troy,Texas State,11/26/16,04:00:00 PM,,No,,,,,,
863,13,Appalachian State,New Mexico State,11/26/16,04:00:00 PM,,No,,,,,,
864,13,Florida Atlantic,Middle Tennessee,11/26/16,05:30:00 PM,,No,,,,,,
865,13,Colorado State,San Diego State,11/26/16,09:00:00 PM,,No,,,,,,
866,13,Massachusetts,Hawaii,11/26/16,11:00:00 PM,,No,,,,,,
868,14,Baylor,West Virginia,12/03/16,,,No,,,,,,
869,14,Kansas State,TCU,12/03/16,,,No,,,,,,
870,14,Oklahoma State,Oklahoma,12/03/16,,,No,,,,,,
871,14,Georgia State,Idaho,12/03/16,,,No,,,,,,
872,14,New Mexico State,South Alabama,12/03/16,,,No,,,,,,
873,14,Troy,Georgia Southern,12/03/16,01:00:00 PM,,No,,,,,,
874,14,Louisiana Lafayette,Louisiana Monroe,12/03/16,03:00:00 PM,,No,,,,,,
875,14,Arkansas State,Texas State,12/03/16,04:00:00 PM,,No,,,,,,
877,15,Navy,Army,12/10/16,03:00:00 PM,,No,,,,,,
